Estado;Município;Unidade de Saúde;Endereço;Contato;CNES
Acre;Acrelândia;Unidade Mista de Saúde de Acrelândia;Avenida Paraná, 346 – Centro;(68) 3235-1188;5701929
Acre;Assis Brasil;Unidade Mista de Assis Brasil;Rua D. Giocondo Maria Grotti, s/n - Centro;(68) 3548-1135;2001020
Acre;Brasiléia;Hospital de Clínicas Raimundo Chaar;BR 317, km 01, Bairro Alberto Castro s/n;(68) 3546-3804;2001500
Acre;Cruzeiro do Sul;Hospital Regional do Juruá;Avenida 25 de Agosto, 5121 - Aeroporto Velho;(68) 3322-5516;5336171
Acre;Feijó;Hospital Geral de Feijó;Avenida Mal. Deodoro, s/n - Centro;(68) 99222-5074;2000636
Acre;Jordão;Hospital da Família de Jordão;Rua Romildo Magalhães, s/n – Centro;(68) 3464-1037;5353947
Acre;Mâncio Lima;Hospital Dr. Abel Pinheiro Maciel Filho;Avenida Japiim, s/n - Centro;(68) 99946-0048 / 99986 2932;2000083
Acre;Manoel Urbano;Unidade Mista de Manuel Urbano;Rua Francisco Freitas, s/n - São José;(68) 3611-1005;2000970
Acre;Marechal Thaumaturgo;Unidade Mista de Marechal Thaumaturgo;Rua 5 de novembro, s/n - Centro;(68) 3325-1048;2001594
Acre;Plácido de Castro;Hospital Dr. Manoel Marinho Monte;Rua Epitácio Pessoa, 550 - Centro;(68) 3237-1821;2000997
Acre;Porto Walter;Unidade Mista de Porto Walter;Rua Mamede Cameli, s/n - Centro;(68) 8422-2372;5661714
Acre;Rio Branco;HUERB - Hosp. de Urgência e Emergência de Rio Branco;Avenida Nações Unidas, 700 - Bosque;(68) 3223-3080;2001578
Acre;Santa Rosa do Purus;Unidade Mista de Santa Rosa do Purus;Rua Raimundo Fernandes de Moura, s/n - Cidade Nova;(68) 3615-1056;5858208
Acre;Sena Madureira;Hospital João Câncio Fernandes;Rua Quintino Bocaiúva, 1054 - Centro;(68) 3612-2271;2000865
Acre;Senador Guiomard;Hospital Dr. Ari Rodrigues;Avenida Eduardo Assmar, 133 - COHAB;(68) 3232-2667;2000725
Acre;Tarauacá;Hospital Dr. Sansão Gomes;Avenida Avelino Leal, 1221 - Copacabana;(68) 99954-9484;2000121
Acre;Xapuri;Hospital Epaminondas Jácome;Rua 6 de Agosto, 240 - Centro;(68) 3542-2316;2000393
Alagoas;Arapiraca;Unidade de Emergência Dr. Daniel Houly;Rod. AL 220,km 05 s/n Arapiraca;(82) 359-2450 e 3529- 2488;3015408
Alagoas;Delmiro Gouveia;UPA Delmiro Gouveia;R. Luiz Luna Torres, Delmiro Gouveia;(82) 98114-0105;7641117
Alagoas;Palmeira Dos Índios;UPA Palmeira dos Índios;R. Bráulio Montenegro, 2311 - Vila Maria;(82) 3421-2309;7481624
Alagoas;Pão de Açúcar;Unid. Mista Djalma G. dos Anjos;Rua Padre José Soares Pinto, 850 - Centro;(82) 3624-1128;2719290
Alagoas;Penedo;Unid. de Emergência Enfermeiro Antônio de Jesus;Rua Matheus Ferreira, s/n - Santa Luzia;(82) 3551-3355;7097794
Alagoas;Piranhas;Unid. Senador Afonso Farias de Melo;Avenida Maceió, s/n - Xingó;(82) 3686-1972/1195;2704544
Alagoas;Santana do Ipanema;Hospital Regional Dr. Clodolfo Melo;Avenida João Agostinho - Santo Antônio;(82) 3621-3588;5616298
Alagoas;Maceió;Hospital Escola Dr. Helvio Auto - HEHA;Rua Cônego Fernando Lyra, no Trapiche da Barra;(82) 3315-6826 e (82) 3315-3244;2720035
Alagoas;Maceió;UPA 24 horas Dr Ismar Gatto;Av. Juca Sampaio, 600, Jacintinho;(82) 3023-5682;4156730
Alagoas;Maceió;UPA Galba Novaes;Av. Maceió, 341 - Tabuleiro do Martins, Maceió - AL, 57061- 110;(82) 3315-3504;4156714
Alagoas;Coruripe;UPA Coruripe;Praça Dr. Castro Azevedo, 47 Centro;(82) 99127-1490;7471645
Alagoas;Maragogi;UPA Maragogi;AL-101, 200 - Maragogi, AL, 57955- 000;(82) 99305-4192;7916043
Alagoas;Porto Calvo;Hospital Regional do Norte;Rua Alto da Forca s/n, Bairro Mangazala, Rodovia AL105 CEP 57900.000.;(82) 98889-9642;7042671
Alagoas;União dos Palmares;Hospital Regional da Mata;BR-104 - União dos Palmares, AL, 57800- 000;(82) 3281-9300;7753470
Alagoas;Viçosa;UPA Viçosa;R. Juarez Távora, 57 - Viçosa, AL, 57700-000;(82) 9954-1345;7099185
Amapá;Amapá;Unidade Mista de Saúde de Amapá;Avenida Guarani, 742 - Nova Esperança;Indisponível;2019701
Amapá;Calçoene;Unidade Mista de Saúde de Calçoene;Avenida FAB, 726 - Liberdade;Indisponível;2019728
Amapá;Cutias;U.B.S Américo Coelho Pereira;Avenida Isaias de Jesus Leite, 151 - Centro;Indisponível;2021021
Amapá;Ferreira Gomes;Unidade Mista de Saúde de Ferreira Gomes;Avenida Luzia Serra Cavalcante, 774;Indisponível;2019663
Amapá;Itaubal;Unidade Básica de Saúde de Itaubal;Rua João Palma dos Reis, s/n;Indisponível;2021293
Amapá;Laranjal do Jarí;Hospital Estadual de Laranjal do Jarí;Avenida Tancredo Neves, 2435 - Agreste;(96) 3621- 2719;2020076
Amapá;Macapá;Hospital de Emergência Oswaldo Cruz;Rua Hamilton Silva, 139 - Central;Indisponível;2020653
Amapá;Macapá;UPA Zona Norte;Rua: Francisco Alves Corrêa, 1527 - Novo Horizonte;Indisponível;770916
Amapá;Mazagão;Unidade Mista de Saúde de Mazagão;Rua Presidente Vargas, 1274 - Centro;Indisponível;2020165
Amapá;Oiapoque;Hospital Estadual de Oiapoque;Rua Presidente Kennedy, 700 - Centro;Indisponível;2021463
Amapá;Oiapoque;Companhia Especial de Fronteira - Clevelância do Norte;Clevelândia do Norte, Oiapoque - AP, 68980- 000;Indisponível;Indisponível
Amapá;Pedra Branca;Unidade Mista de Saúde de Pedra Branca do Amaparí;Rua Francisco Dutra, 517 - Centro;Indisponível;2021218
Amapá;Porto Grande;Hospital Municipal Porto Grande;Avenida 8 de Agosto, 336 - Centro;Indisponível;2019736
Amapá;Pracuúba;Unidade Mista de Saúde Pracuúba;Rua Eloagio Ferreira S/N bairro - Centro;Indisponível;2020726
Amapá;Santana;Hospital Estadual de Santana;Rua Salvador Diniz, 187 - Remédios;Indisponível;2021064
Amapá;Serra do Navio;Unidade Mista de Saúde de Serra do Navio;Travessa A1, 529 - Vila Intermediaria;Indisponível;2021382
Amapá;Tartarugalzinho;Unidade Mista de Saúde de Tartarugalzinho;Rua Mãe Veronica, 768 - Centro;Indisponível;2019671
Amapá;Vitoria do Jari;Unidade Mista de Saúde de Vitoria do Jari;Avenida Ayrton Senna, 1180 - Comercial;Indisponível;2020149
Amapá;Oiapoque;UBSI Manga;DSEI AP POLO BASE DE SAUDE INDIGENA MANGA ;Indisponível;2021137
Amapá;Oiapoque;UBSI Kumenê;DSEI AP POLO BASE DE SAUDE INDIGENA KUMENÊ;Indisponível;2021102
Amapá;Pedra Branca;UBSI Aramirã;DSEI AP POLO BASE DE SAUDE INDIGENA ARAMIRÃ;Indisponível;2021412
Pará;Óbidos;UBSI Bona Apalai;DSEI POLO BASE BONA APALAI;Indisponível;494747
Pará;Almerim;UBSI Missão Tiriyó;POLO-BASE TIPO I - MISSÃO TIRIYO;Indisponível;494402
Pará;Almerim;UBSI Kuxaré;POLO-BASE TIPO I - MISSÃO TIRIYO;Indisponível;2916118
Amazonas;Alvarães;Unidade Mista de Alvarães;Estrada Alvarães Nogueira, s/n - Centro;(97) 3345- 1204/1255;2017768
Amazonas;Amaturá;Unidade Mista de Amaturá - Hospital Frei Roberto San Severino;Rua Antonieta Zao, s/n - Centro;(97) 3463-1128;2016648
Amazonas;Anamã;Unidade Mista de Anamã - Hospital Francisco Sales de Moura;Rua Alvaro Maia, 106 - Centro;(97) 3356-1239;2017679
Amazonas;Anori;Unidade Hospitalar de Anori - Hospital Darlinda Ribeiro;Avenida N. Sra. do Perpétuo Socorro, s/n - São Sebastião;(97) 3352-1260;2017379
Amazonas;Apuí;Unidade Mista de Apuí - Hospital Eduardo Braga;Avenida Engº Talles Monte Razo, s/n - Vila Nova;(97) 3389-1219;2013282
Amazonas;Atalaia do Norte;Unidade Mista de Atalaia do Norte - Hospital São Sebastião;Rua Augusto Luzeiro, s/n - Centro;(97) 3417- 1115/1152;2016672
Amazonas;Atalaia do Norte;1º Pelotão Especial de Fronteira - PEF (Exército-8º BIS);Comunidade de Palmeira do Javari;Indisponível;Indisponível
Amazonas;Atalaia do Norte;4º Pelotão Especial de Fronteira - PEF (Exército-8º BIS);Comunidade de Estirão do Equador;Indisponível;Indisponível
Amazonas;Atalaia do Norte;Polo Base Alto Ituí;Comunidade Vida Nova;Indisponível;7159277
Amazonas;Atalaia do Norte;Polo Base Médio Curuçá;Comunidade São Sebastião;Indisponível;7159293
Amazonas;Autazes;Unidade Mista de Autazes;Rua Francisco Barroncas, s/n - Centro;(92) 3317- 1231/1335;2013045
Amazonas;Barcelos;Unidade Mista de Barcelos;Rua Dorval Porto, 1136 - Centro;(97) 3321-1122;2015242
Amazonas;Barreirinha;Unidade Mista de Barreirinha;Rua Terra Preta do Castanhal, s/n - São Judas Tadeu;(92) 3531- 8125/7059;2012022
Amazonas;Barreirinha;Polo Base Araticum;Rio Andirá;Indisponível;7406150
Amazonas;Benjamin Constant;Hospital Geral Dr. Melvino de Jesus;Rua 13 de Maio, 1492 - Coimbra;(97) 3415- 5246/6240;2016974
Amazonas;Beruri;Hospital Antonio Ferreira Campos;Avenida Costa e Silva, s/n - São Francisco;(97) 3351-1142;2016605
Amazonas;Boa Vista do Ramos;Unidade Mista de Boa Vista do Ramos;Estrada Presidente Figueiredo, s/n - Centro;(97) 3545- 5158/7179;2016354
Amazonas;Boca do Acre;Unidade Hospitalar de Boca do Acre;Rua Coronel José Assunção, s/n - Plator do Piquiá;(97) 3451-2157;2012499
Amazonas;Borba;Hospital Vó Mundoca;Rua Silverino Nery, s/n - Centro;(92) 3512- 1526/1104;2012383
Amazonas;Caapiranga;Unidade Hospitalar Odilon Alves de Araújo;Rua Félix Amorim, s/n - Santa Luzia;(92) 3364-1040;2016656
Amazonas;Canutama;Hospital Regional de Canutama Dr. Leonardo Parente;Avenida Botinelly, 213 - Centro;(97) 3334- 1337/1068;2016419
Amazonas;Carauari;Hospital Unidade Mista de Carauari;Rua Celino de Menezes, 1672 - Nova República;(97) 3491- 1116/1350;2017555
Amazonas;Careiro Castanho;Hospital Deoclécio dos Santos;BR 319 Km 102 - Centro;(92) 3362- 1092/1137;2017652
Amazonas;Careiro da Várzea;Unidade Hospitalar de Careiro da Várzea;Rua Walmir Bezerra, Centro;Indisponível;2016915
Amazonas;Coari;Hospital Regional de Coari Dr. Odair Carlos Geraldo;Estrada CoariMamiá, 490 - Espírito Santo;(97) 3561-4141;2018136
Amazonas;Codajás;Hospital João da Silva Bastos;Rua Padre Domingos, s/n - Santa Luzia;(97) 3353-0090;2019523
Amazonas;Eirunepé;Unidade Hospitalar de Eirunepé;Rua Padre Hosphel, 1181 - Nossa Senhora Aparecida;(97) 3481- 1428/3198;2016397
Amazonas;Envira;Unidade Hospitalar Evaristo Rates da Silva;Rua 27 de julho, 306 - São Francisco;(97) 3483-1045;2708892
Amazonas;Fonte Boa;Hospital Regional de Fonte Boa;Rua Ajuricaba, s/n - Centro;(97) 3423-1690;2017717
Amazonas;Guajará;Hospital João Miguel da Cruz Barbosa;Rua Presidente Vargas, s/n - Centro;(97) 3485-1148;2017997
Amazonas;Humaitá;Hospital Dra. Luiza da Conceição Fernandes;Rua 05 de setembro, 522 - Centro;(97) 3373- 2190/1104;2017016
Amazonas;Ipixuna;Unidade Hospitalar de Ipixuna;Avenida João Hercules Primo, s/n - Torre;(97) 3482- 1073/1067;2013614
Amazonas;Iranduba;Hospital Hilda Freire;Travessa Juruá, s/n - Centro;(92) 3367- 2302/2107;2012839
Amazonas;Itacoatiara;Hospital Regional José Mendes;Rua Castro Leite, 2593 - Iraci;(92) 3521- 4215/4220;2016923
Amazonas;Itamarati;Unidade Hospitalar Antonio de Souza Brito;Rua Major Maia, s/n - Centro;(97) 3484-1072;2013568
Amazonas;Itapiranga;Hospital Miguel Batista de Oliveira;Rua Bárbara Miranda, s/n - Centro;(92) 3575-2112;2708906
Amazonas;Japurá;Hospital Mayara Redman A. Aziz;Avenida Juscelino Kubtscheck, s/n - Centro;(97) 3426-1195;2013495
Amazonas;Japurá;3º Pelotão Especial de Fronteira do Exército – PEF (Exército 8º BIS);Comunidade Vila Bitencourt;Indisponível;Indisponível
Amazonas;Juruá;Unidade Mista de Juruá;Rua Samuel Amaral, 13 - Centro;(97) 3427-1109;2708914
Amazonas;Jutaí;Unidade Hospitalar de Jutaí;Rua 7 de março, s/n - Centro;(97) 3425-1132;2011875
Amazonas;Jutaí;Polo Base Boca do Biá;Comunidade Boca do Biá;Indisponível;7340923
Amazonas;Lábrea;Unidade Mista de Lábrea;Rua Coronel Luiz Gomes, s/n - Centro;(97) 3331-1465;2012618
Amazonas;Lábrea;Polo Base Crispim;Terra Indígena Lago Mahara;Indisponível;9425578
Amazonas;Lábrea;Polo Base Marrecão;Aldeia Marrecão T I Deni;Indisponível;9472878
Amazonas;Manacapuru;Hospital Regional de Manacapuru Lázaro Reis;Estrada Manoel Urbano - KM 83 - São José;(92) 3361-1907;2013258
Amazonas;Manaquiri;Hospital Raimundo Rodrigues Irmãos;Rua Bom Pastor, s/n - Centro;(92) 3363-1323;2011891
Amazonas;Manaus;Fundação de Medicina Tropical;Avenida Pedro Teixeira, 25 - Dom Pedro I;(92) 2127-3471;2013606
Amazonas;Manicoré;Hospital Regional de Manicoré Dr. Hamilton Cidade;Travessa 24 de outubro, s/n - Centro;(97) 3385- 1043/1040;2014688
Amazonas;Manicoré;Polo Base Boca do Jauari;Rio Madeira Aldeia Boca do Jauari;Indisponível;7800339
Amazonas;Maraã;Unidade Mista de Maraã;Avenida 25 de março, s/n - Centro;(97) 3428-1099;2017660
Amazonas;Maraã;Centro de Saude Maximo Maia da Silva O Coruja;Comunidade São Pedro do Cuiu Cuiu;Indisponível;5625300
Amazonas;Maués;Hospital Raimunda Francisca Dinelly da Silva;Estrada dos Moraes, 898 - Maresia;(92) 3542- 1112/3222;2018144
Amazonas;Maués;Polo Base Nova Esperança;Aldeia Nova Esperança;Indisponível;7651708
Amazonas;Nhamundá;Hospital Coronel Pedro Macedo;Rua Senador Álvaro Maia, 23 - Centro;(92) 3534- 7624/7300;2016540
Amazonas;Nova Olinda do Norte;Hospital Dr. Galo Manuel Ibañez;Rua 7 de setembro, 364 - Santa Luzia;(92) 3318- 1207/1227;2011905
Amazonas;Nova Olinda do Norte;Polo Base Kwatá;Rio Canuma;Indisponível;5359198
Amazonas;Novo Airão;Unidade Hospitalar de Novo Airão;Avenida João Tiburtino da Silva, s/n - Centro;(92) 3365-1535;2708922
Amazonas;Novo Aripuanã;Hospital Regional de Novo Aripuanã;Rua Raimundo Oliveira, s/n - Tucumã;(97) 3379- 1481/1101;2019604
Amazonas;Parintins;Hospital Regional Jofre Matos Cohen;Rua Herberth Azevedo, 985 - Santa Clara;(92) 3533-4158;3210243
Amazonas;Pauini;Ambulatório Municipal Mario Said;Rua 19 de março, 536 - Cidade Alta;(97) 3458- 1253/1132;2018381
Amazonas;Presidente Figueiredo;Hospital Geral Evaldo Neves Falcão;BR 174 Km 107 - Centro;(92) 3324-1005;2013320
Amazonas;Presidente Figueiredo;Hospital de Balbina;Rua Rio Negro, s/n - Vila de Balbina;(92) 3312-1200;7132026
Amazonas;Rio Preto da Eva;Hospital Thomé de Medeiros Raposo;Rua Gov. Angelo do Amaral, s/n - Centro;(92) 3358-1135;2708930
Amazonas;Santa Isabel do Rio Negro;Unidade Mista de Santa Isabel do Rio Negro;Rua Danilo Correa, s/n - Centro;(97) 3441- 1944/1138;2016478
Amazonas;Santo Antônio do Içá;Unidade Hospitalar Dom Adalberto Marzzin;Rua Hugo Ribeiro, s/n - Santa Etelvina;(97) 3461- 1959/1182;3220966
Amazonas;Santo Antônio do Içá;3º Pelotão Especial de Fronteira do Exército – PEF (Exército 8º BIS);Comunidade Ipiranga;Indisponível;Indisponível
Amazonas;São Gabriel da Cachoeira;Hospital de Guarnição de São Gabriel da Cachoeira;Rua Quitino de Sá Cavalcante, s/n - Dabarú;(97) 3471- 1413/1475;4004787
Amazonas;São Gabriel da Cachoeira;Unidade Mista de Iauaretê;Rua da Missão - Vila de Iauaretê - Área Indígena Iauaretê;Indisponível;2717387
Amazonas;São Gabriel da Cachoeira;Polo Base Iauaretê;Vila São Miguel;Indisponível;9493190
Amazonas;São Gabriel da Cachoeira;Polo Base Pari-Cachoeira;Rio Tiquie;Indisponível;9493433
Amazonas;São Paulo de Olivença;Unidade Mista de São Paulo de Olivença;Rua Monsenhor Evangelista, 309 - Centro;(97)3431- 1482/1043;2018128
Amazonas;São Paulo de Olivença;Polo Base Vendaval;Comunidade Vendaval;Indisponível;6771513
Amazonas;São Sebastião do Uatumã;Hospital Rosa Fabiana Falabella;Rua Álvaro Maia, s/n - Santa Maria;(92) 3572- 1391/1107;2011859
Amazonas;Silves;Unidade Mista Zalina Garcia;Rua Eduardo Garcia, 26 - Centro;(92) 3528- 2156/2115;2016249
Amazonas;Tabatinga;Hospital de Guarnição;Avenida da Amizade, s/n - Centro;(97) 3412-2403;2016125
Amazonas;Tabatinga;Unidade de Pronto Atendimento - Maternidade Celina Villacrez Ruiz;Rua Primeiro de Fevereiro, 271;(97) 3412-4881;7459750
Amazonas;Tabatinga;Polo Base Belém do Solimões;Cimunidade de Belém do Solimões;Indisponível;6992803
Amazonas;Tapauá;Hospital Ana Tereza Ponciana;Avenida Castelo Branco, s/n - Centro;(97) 3391- 1128/1249;2012553
Amazonas;Tefé;Hospital Regional de Tefé;Estrada do Bexiga, s/n - Fonte Boa;(97) 3343- 2446/2469;2016141
Amazonas;Tonantins;Hospital Frei Francisco;Rua Valentina Santos, s/n - Centro;(97) 3464-1222;2012804
Amazonas;Uarini;Hospital Regional Francisco Lopes;Avenida Franco Lopes, s/n - Centro;(97) 3346-1411;2016443
Amazonas;Urucará;Unidade Mista de Urucará;Rua Major Lobato Mendes, s/n - Santa Luzia;(92) 3571-1657;2717395
Amazonas;Urucurituba;Hospital Silvério Pontes;Rua Armandinho Fernandes, 15 - Centro;(92) 3524-7137;2016567
Bahia;Abaíra;Hospital Municipal Odin Melo;Av. Carlito Costa, 16 - Centro;(77) 3476-2496;6556450
Bahia;Alcobaça;Hospital Municipal São Bernardo;Rua Nova viçosa, 1083, Jradin Atlantico;(73) 99936-6008;2304848
Bahia;Amargosa;Hospital Municipal de Amargosa;Rua Dr. Aloísio Borges, s/n – Santa Rita;(75) 3634-3573;2414244
Bahia;Anagé;Hospital Municipal Tavina de Oliveira;Rua Juíz Clarindo Lacerda;(77) 99908-4933;3827127
Bahia;Andaraí;Hospital Municipal de Andaraí;Av. Paraguassu, 2 - Centro;(75) 3335-2083;4021460
Bahia;Andorinha;UPA Plabo Campos;Rua Ouricuri, Bairro Carlos Santana.;(74) - 99107-1325;4021495
Bahia;Antas;Hospital Nossa Senhora de Lurdes;Rua do Clube, s/n - Centro;(75) 3277-1147;2799820
Bahia;Antas;Hospital Santa Maria;Rua Dr. Juarez Guerra, 18 - Centro;(75) 3277-1163;2799847
Bahia;Araçás;Unidade Mista Julia Trindade Leal;Rua Antonio Paolilo, 54 - Centro;(75) 3451-2162;2512084
Bahia;Barra da Estiva;Hospital Suzy Zanfreta;Rua Padre Gaspar Bertoni, 51 - Centro;(77) 3450-1120;2799855
Bahia;Barra do Choça;Hospital Municipal Dr José Maria de Magalhães Neto;Rua Deocleciano Monteiro, s/nº - Centro;(77) 3436-3025;2722844
Bahia;Barreiras;Hospital do Oeste;Rua do Antigo Aeroporto, 1264 - São Pedro;(77) 3612-9400;3972925
Bahia;Belmonte;Hospital José da Costa Pinto Dantas;Rua Saldanha da Gama, s/n - Centro;(73) 3287-2991;2413922
Bahia;Belo Campo;Hospital Municipal Vicente Vieira;Rua Pacífico Nunes, 100 - Alvorada;(77) 3437-2672;2304953
Bahia;Boa Vista do Tupim;Hospital Geral de Boa Vista do Tupim;Largo da Saúde, s/n - Centro;Indisponível;2771268
Bahia;Bom Jesus da Lapa;Hospital Municipal Carmela Dutra;Av . Manoel Novais, 1022 - Centro;(77) 3481-4215;4022718
Bahia;Bom Jesus da Serra;Hospital Municipal de Bom Jesus da Serra;Rua Júlio José Alves, s/n - Centro;(77) 3461-1549;4022750
Bahia;Boninal;Hospital Marcus Allan de Castro Rocha;Av. Brito, s/n - Centro;(75) 3330-2306;2523515
Bahia;Bonito;Maternidade Municipal Deputado José Carlos Araujo;Praça Cirlene Baraúna, s/n – Centro;(75) 3343-2137;3246558
Bahia;Boquira;Hospital Municipal de Boquira;Praça Delegado Mario Rodrigues da Silva, 100 – Centro;(77) 3645-2033;4022807
Bahia;Botuporã;Hospital Municipal e Maternidade de Botuporã;Rua D. Pedro II 77;9102-5223 (77) 98160-4761;2386305
Bahia;Brejões;Hospital Municipal Joana Cajaíba de Andrade;Trav. Milton Galvão, s/n - Centro;(75) 3654-2129;2801590
Bahia;Brotas de Macaúbas;Unidade Básica de Saúde 24h de Brotas de Macaúbas;Praça da Bandeira, 15 – Centro;(77) 3644-2019;6485235
Bahia;Brumado;Hospital Municipal Professor Magalhães Neto;Rua Manoel Fernandes, 87 – Jardim Brasil;(77) 3441-6780;2386569
Bahia;Buritirama;Hospital Maternidade Nossa Senhora da Luz;Av. Prefeito Arival Viana, 716 - Centro;(77) 3442-2179/2144;2386674
Bahia;Caatiba;Hospital Municipal de Caatiba;Rua Augusto Asterio, s/n - Centro;Indisponível;2386739
Bahia;Cachoeira;Hospital São João de Deus;Praça Dr. Aristides Milton, s/n - Centro;(75) 3425-4040/4000;2386879
Bahia;Caetanos;Centro de saúde de Caetanos;Avenida Tanhaçu, s/nº - Bairro Terra Branca;(77) 98123-6657;2387115
Bahia;Caetité;Centro de saúde Dra. Lara Fernandes Teixeira;R. Rui Barbosa, S/N, Centro;(77)3466 2111;2556901
Bahia;Caetité;UPA de Caetité;Rodovia CaetitéGuanambi, s/n - Rancho Alegre;(77) 3454-8061;2557096
Bahia;Camaçari;HGC - Hospital Geral de Camaçari;Av. Jorge Amado, s/n, Via Parafuso - Jardim Limoeiro;(71) 3621-2277;2388057
Bahia;Campo Alegre de Lourdes;Hospital Municipal de Campo Alegre de Lourdes;Rua Coronel Lindolfo Dias, s/n - Pedro Alcântara;(74) 3533-2264;6600476
Bahia;Campo Formoso;União Hospitalar São Francisco;Praça Frei Lino Grasiage, 258 - Centro;(74) 3645-1217;2799839
Bahia;Canápolis;Hospital Municipal Mãe Simoa;Av. Faustino de Queiroz, s/n - Centro;(77) 3687-2190;2602571
Bahia;Candeias;Hospital Municipal de Candeias;Loteamento Jardim Ouro Negro, s/n - Ouro Negro;(71) 3601-1814;2387581
Bahia;Canudos;Hospital Municipal Genário Rabelo de Alcântara;A. Enoque Canário Araújo, S/N- Centro;(75)3494 2165;2597586
Bahia;Carinhanha;Hospital Municipal de Carinhana;Rua Francisco Timóteo, s/n - Centro;(77) 3485-2038;4024303
Bahia;Casa Nova;Hospital Municipal de Casa Nova;Rua 02, s/n - Centro;(74) 3536-2261;2388928
Bahia;Castro Alves;Hospital Regional de Castro Alves;Conjunto Urbis l, s/n - Centro;(75) 3522-1410;2602075
Bahia;Catu;Hospital Municipal de Catu;Rua Geonísio Barroso, s/n - Boa Vista;(71) 3641-2742/2185;2388685
Bahia;Cícero Dantas;Hospital Municipal Luiz Eduardo Magalhães;Rua Edgar Santos, 106 - Centro;(75) 3278-1993;2532522
Bahia;Côcos;Hospital Municipal São Sebastião;Praça Virgílio Bandeira, S/n – Centro;(77) 3489-1583/1166;2389584
Bahia;Conde;Hospital Givaldo Fontes Costas;Rua Altamirando Requião, s/n - Centro;(75)3429-1152;2512149
Bahia;Condeúba;Hospital Municipal Dr. José Cardoso dos Apóstolos;Praça Alcides Cordeiro, s/n - São Francisco;(77) 3435-2023;2801566
Bahia;Cordeiros;Hospital Municipal Joaquim Mutti de Carvalho;Rua Ruy Barbosa, s/n – Estrada Cordeiros Condeuba km 0;(77) 3447-2162;5446333
Bahia;Coribe;Hospital Municipal Antônio Joaquim Lopes;Rua Clériston Andrade, s/n - Centro;(77) 3480-2119;2801558
Bahia;Correntina;Hospital Municipal Dr. Lauro Joaquim de Araújo;Av. Tancredo Neves, s/n - Colina Azul;(77) 3488-3246;2101547
Bahia;Cruz das Almas;UPA - Unidade de Pronto Atendimento;Av. Carmelito Barbosa Alves, 110 - Itapicuru;0800 000 3261;7111606
Bahia;Curaçá;Hospital Dr. Jaime da Silveira Coelho;Av. Euvaldo Torres de Aquino, s/n - Centro;(74) 3531-1118;2400901
Bahia;Dom Basilio;Hospital Maternidade Dr. Marilton Tanajura Matias;Rua Dom Helio Pascoal, s/n - Centro;(77)981142118;2602563
Bahia;Elísio Medrado;Casa de Saúde Maria Lapa Bittencourt;Rua Nossa Senhora de Fátima;(75) 3649-2129;4025121
Bahia;Encruzilhada;Hospital Municipal Milton Rocha Souza;Rua Clemente Batista Soares, s/n - Fortaleza;(77) 3439-2157;4025148
Bahia;Entre Rios;Hospital Municipal de Entre Rios;Rua Lauro de Freitas, 86 - Centro;(75) 3420 3438;2620464
Bahia;Esplanada;Hospital São Francisco e São Vicente;Av. São Francisco, 318 - Centro;(75) 3427-1523/1360;2627183
Bahia;Euclides da Cunha;UPA Dr. Aristides Freitas de Queiroz;Av. Renato Campos, s/n - Pau Miúdo;(75) 3271-3883;9130411
Bahia;Eunápolis;Hospital Regional de Eunápolis;Av. Princesa Isabel, 750 - Pequi;(73) 3281-9200;2507447
Bahia;Feira da Mata;Hospital Municipal de Feira da Mata;Pça Pref Elias Pereira de Souza Filho;(77) 99846-2395;3013359
Bahia;Feira de Santana;Hospital Geral Clériston Andrade;Av. Eduardo Fróes da Mota, s/n - 35 BI;(75) 3602-3300/3626-6438;2799758
Bahia;Filadélfia;Hospital São Sebastião;Av. ACM, s/n - Centro;(74) 3551-2201;2401665
Bahia;Gandu;Hospital João Batista Assis;Loteamento João Assis, s/ nº - João Assis;(73) 3254-1250;2412381
Bahia;Gentio do Ouro;Hospital Municipal Getúlio Reginaldo Cunha;Rua Antônio Mariano Barreto, 64 - Centro;(74) 3637-2001;2402394
Bahia;Guanambi;Hospital Regional Guanambi;Rua Dr. José Humberto Nunes, 1750 – Paraíso;(77) 3451-6060;2804034
Bahia;Guaratinga;Hospital Maternidade Joana Moura;Rua Iracema Moura, 289 – Centro;(73) 3277-2311;2412276
Bahia;Iaçu;Hosp. Municipal Dr. Waldir Cavalcanti Medrado;Rodovia BA 046 – Km 01 – Bairro Cerâmica;(75) 3325-3030/2303;2772671
Bahia;Ibiassucê;Hospital Municipal de Ibiassucê;Avenida Rui Barbosa;(77)34652237;2412551
Bahia;Ibicoara;Unidade de Saúde Retaguarda - 24 horas;Praça José Novais Pina, 26 – Centro;(77) 3413-2196;3862984
Bahia;Ibicuí;Hospital Maternidade Anita Rodrigues Leal;Rua Artur Pires, 10 - Centro;(73) 3272-2943;2412845
Bahia;Ibirapitanga;Hospital Municipal Edvaldo Magalhães Nascimento;Rua Israel Barcelos, s/n - Centro;Indisponível;2413043
Bahia;Ibitiara;Hospital Padre Aldo Coppola;Rodovia BA 152, 1000 – Centro;(77) 3647-2209;2412713
Bahia;Ibotirama;Hospital Regional de Ibotirama;Av. JK, s/n - São Francisco;(77) 3698-1212;2602121
Bahia;Igaporã;Hospital Municipal José Olinto Cotrim;R Sangente Valne Fagundes, nº 60, Centro;(77) 3466-2112;2627256
Bahia;Iguaí;Hospital Manoel Martins de Souza;Av. Eduardo Gomes, 22 - Centro;(73) 3271-2136;2413469
Bahia;Iguaí;Hospital Somai;Rua Castro Alves, 241 – Centro;(73) 3271-2520;2413450
Bahia;Ilhéus;Hospital Materno Infantil Dr. Joaquim Sampaio;Avenida Brasil, s/nConquista;(73) 3234-3850;2415844
Bahia;Ilhéus;Hospital Regional Costa do Cacau;Rodovia Jorge Amado, s/n - Banco da Vitória;(73) 3235-5300;9388133
Bahia;Inhambupe;Hospital Municipal Antônio Carlos Magalhães;Av. ACM, 1 - Centro;Indisponível;2653230
Bahia;Ipiaú;Hospital Geral de Ipiaú;Av. Durval Carneiro, s/n – Santana;(73) 3531-3113;2603055
Bahia;Ipupiara;Hospital Municipal Guilhermino Pereira Machado;Praça Santos Dumont, s/n - Centro;(77) 3646-1293;4026675
Bahia;Iramaia;Hospital Municipal de Iramaia;Av. ACM, 15 – Centro;(77) 3412-2196;4026756
Bahia;Iraquara;Hospital Américo Chagas;Rua Palmeiras, 86 - Centro;(75) 3364-2140/2112;4026772
Bahia;Irecê;Hospital Regional Dr. Mário Dourado Sobrinho;Praça Teodoro Sampaio, s/n - Centro;(74) 3641-4716;4026896
Bahia;Itabela;Hospital Frei Ricardo;Av. Guanabara, Km 1,5, s/n – Centro;(73) 3270-3164;2802015
Bahia;Itaberaba;UPA de Itaberaba;Rua Antônio José dos Santos, s/n - Loteamento 2 de Abril;Indisponível;9054122
Bahia;Itabuna;Hospital de Base Luís Eduardo Magalhães;Av Fernando Gosmes, s/n – Av Fernando Gomes;(73) 2102-5150;2385171
Bahia;Itabuna;Hospital Manoel Novaes;Rua Santa Cruz, s/n - Bairro de Fátima;(73) 3214-4300;2525569
Bahia;Itaeté;Hospital Municipal de Itaetê;Praça Nossa Senhora das Graças, s/n - Centro;(75) 3320-2106;2413507
Bahia;Itagimirim;Hospital Municipal Luis Eduardo Magalhães;Trav. 13 de Maio, 01 – Centro;(73) 3289-2385;3043185
Bahia;Itajú do Colônia;Unidade Mista de Itajú do Colônia;Av. Lomanto Júnior, 365 - Centro;(73) 98149-4623;2414074
Bahia;Itamaraju;Hospital Regional de Itamarajú;Rua Frei Geremias s/nº - Novo Prado;(73) 3294-1242/1206;2556847
Bahia;Itambé;Hospital Regional São Sebastião;Av. Eurico Gaspar Dultra, 229 - Centro;(77) 3432-1220;2414465
Bahia;Itaparica;Hospital Geral de Itaparica;Estrada da Rodagem, s/n – KM 06;(71) 3631-8400;2602083
Bahia;Itapebi;Maternidade Nelson Moura;Rua Vista Alegre, s/n – Centro;(73) 3286-1724;2414651
Bahia;Itapetinga;Santa Casa de Misericórdia;Av. Luiz Viana Filho, 560 - Morumbi;(77) 3262-1929;2417189
Bahia;Itapetinga;UPA 24h;Av. Gerson de Oliveira, s/n - Nova Itapetinga;Indisponível;7116896
Bahia;Itarantim;Hospital Regional de Itarantim;Rua Maria Quitéria, s/n – Centro;(73) 3266-2276;2417456
Bahia;Itiruçu;Hosp Munic. Pedro Pimentel Ribeiro;Rua Alfredo Brito, s/n - José Alves Teixeira;(73) 3538-1310;2423928
Bahia;Itatim;Maternidade Maria Eunice Dultra Soares;Rua João XXIII, s/n - Centro;(75) 3199-2279;2444704
Bahia;Itiúba;Hospital Municipal de Itiúba;Praça 3 de Outubro, 188 - Centro;Indisponível;2423936
Bahia;Itororó;Fundação Hospital e Maternidade de Itororó;Rua José do Patrocínio, 251 – Centro;(73) 3265-1117;2445204
Bahia;Ituaçu;Hospital Municipal de Ituaçu;Av. José Carlos Brito, s/n – Dois de Julho;(77) 3415-2557;2445247
Bahia;Ituberá;Hospital Antonio da Costa Pinto Dantas;Rua Largo da Saúde, s/n - Centro;(73) 3256-3255;2445352
Bahia;Jaborandi;Hospital Municipal Hermenegildo Dias de Silva;Rua Alto do Cruzeiro, 10 - Centro;(77) 3683-2160;2801582
Bahia;Jacobina;UPA Josefa Maia da Silva;AV.Centenário ,BR 324, s/n - Jacobina III;(74) 3622-2918;9078673
Bahia;Jaguaquara;Hospital Municipal de Jaguaquara;Av. Pio XII, 166 - Muritiba;(73) 3534-1053;2802252
Bahia;Jaguaquara;UPA;Av. Domingos Fioravante - Entroncamento;(73) 3530-1176;211680
Bahia;Jaguarari;Hospital Municipal de Jaguarari;Praça Marcolino de Barros, 5 - Centro;(74) 3619-2090;2601400
Bahia;Jequié;Hospital Geral Prado Valadares;Rua São Cristóvão, s/n - Centro;(73) 3528-7100;2400693
Bahia;Jequié;UPA;Av. Lomanto Jr., S/N - Cansanção;(71) 98747-3089;9362398
Bahia;Jiquiriçá;Hospital e Maternidade Júlia Maia;Rua Coronel Vicente, 148 - Centro;(75) 3651-2191;2483408
Bahia;Juazeiro;Hospital Regional de Juazeiro;Trav. do Hospital, s/n - Santo Antônio;(74) 3612-5625;4028155
Bahia;Jucuruçu;Hospital Municipal Paulo Souto;Av. Manoel Rodrigues s/nº - Califórnia;(73) 3662-2201;2533413
Bahia;Lagedo do Tabocal;Hospital Municipal Álvaro Fagundes;Rua Achilles Brochini, s/n - Centro;(73) 3556-1222;2602210
Bahia;Laje;Hospital e Maternidade Municipal Ranulfo José de Almeida;Av. Antonio Carlos Magalhães, s/n - Centro;(75) 3662-2634;2390078
Bahia;Lauro de Freitas;Hospital Geral Menandro de Faria;Estrada do Côco Km 45;(71) 3379-0099/7352;2802023
Bahia;Lençóis;Hospital Municipal Sebastião Martins Alves;Rua Vai Quem Quer, s/n - Centro;(75) 3341-1996;2483688
Bahia;Livramento de Nossa Senhora;Hospital Municipal de Livramento;Av. Presidente Vargas, 829 - Centro;(77) 3444-2223;2487616
Bahia;Macajuba;Hospital Municipal Julieta Sampaio;Praça Dilson Pamponete Lopes, s/n – Planalto;(74) 3259-2402;2492881
Bahia;Macarani;Hospital São Pedro;Av. Camilo de Jesus Lima km 10, 999 – Centro;(77) 3274-2165;2492911
Bahia;Macaúbas;UPA de Macaúbas;Av. Via do Acesso, s/n - Luís Eduardo Magalhães;(77) 3473-1269;717573
Bahia;Madre de Deus;Hospital Municipal Dr. Eduardo Ribeiro Bahiana;Av. Milton Bahia Ribeiro, 1900 - Centro;(71) 3604-4005;3289826
Bahia;Maiquinique;Hospital Maternidade Municipal de Maiquinique;Rua Maria Dalia Pereira de Almeida, s/nº – União Operária;(77) 3275-2200;2493578
Bahia;Maracás;Hospital Municipal Dr. Alvaro Bezerra;Rua Desembargador Julho Virgilio, 65 - Centro;(73) 3533-2132;2600854
Bahia;Marcionílio Souza;Hospital Luiz Eduardo Magalhaes;Praça Aquilino de Brito, s/n Centro, CEP 46780-000;(75) 99181-0736;3016986
Bahia;Mata de São João;Hospital Geral de Mata de São João;Rua Maurilio Moreira, s/n – Centro;(71) 3635-1005/1705;2627418
Bahia;Medeiros Neto;Hospital Municipal De medeiros Neto;Rua Damazio Rodrigues, Planalto 01;(73) 99856-6821;4028740
Bahia;Milagres;Hospital Municipal de Milagres;Av. Conrado Menezes da Silva, s/n - Centro;(75) 3545-2097;2498456
Bahia;Morpará;Unidade Mista Jonival Lucas;Rua Dr. Clemente Mariane 82 – Centro;(77) 3663-2168;3320944
Bahia;Morro do Chapéu;Hospital Maternidade São Vicente de Paulo;Av. 2 de Julho, 193 - Centro;(74) 3653 2111;2801906
Bahia;Mucugê;Hospital Augusta Medrado;Praça Coronel Propércio, s/nº – Centro;(75) 3338-2100/2112;2498790
Bahia;Mutuípe;Hospital Maternidade Clélia Rebouças;Rua Bartolomeu Chaves, s/n - Centro;(75) 3635-2541;2601575
Bahia;Nazaré;Hospital Santa Casa de Misericórdia;Rua Ferreira Bastos, 04 – Batatan;(75) 3636-2016;2301601
Bahia;Nova Canaã;Hospital Edimir de Souza Costa;Praça Leovigildo Rodrigues de Matos, 031 – Centro;(73) 3207-2182;2526492
Bahia;Nova Redenção;Maternidade Valdionor Novais Nunes;Av. Nascer do Sol, s/n – Centro;(75) 3345-2103;6774792
Bahia;Nova Soure;Unidade Hospitalar Coracao de Jesus;Rua do Coité, s/n – Bairro de Fátima;(75) 3437-2113;2505843
Bahia;Oliveira dos Brejinhos;Unidade Mista de Saude Dr. João Cupertino da Silva;Av. Engenheiro Antônio Leite do Vale, s/n – Centro;(77) 3642-2438;2771276
Bahia;Paramirim;Hospital Dr. Aurélio Justiniano Rocha;Rua Herculano Chaves Martins, s/n - São José;(77) 3471-2021;4029607
Bahia;Paramirim;Hospital José Américo Resende;Av. Centenário, 147 - Centro;(77) 3471-2241/2237;4029526
Bahia;Paratinga;Hospital Municipal de Paratinga;Rua Dr. Manoel Novaes, 436 – Centro;(77) 3664-2278/3664-2009;2601702
Bahia;Paripiranga;Hospital Municipal Ismael Dias Trindade;Rua Bricio Matos Carvalho, s/n – Centro;(75) 3279-2255;4029623
Bahia;Pau Brasil;Hospital Arlete Magalhães;Rua Antônio Carlos Magalhães, 01 - Rui Falcão;(73) 8223-8303;2508141
Bahia;Paulo Afonso;Hospital Nair Alves de Souza;Av. da Caraibeiras, s/n – Chesf;(75) 3282-2163/2222;2533480
Bahia;Piatã;Hospital Municipal de Piatã Doutor Hélio Macedo Araújo;Rua Tiago Fernandes, 06 - Centro;(77) 3479-2163;2508176
Bahia;Pilão Arcado;Hospital Municipal Luis Eduardo Magalhães;Av. João Ribeiro do Vale, 51 - Centro;(74) 3534-2709/2704;5166292
Bahia;Pindobaçu;Hospital Prof. Edgar Santos;Trav. Boa Ventura, s/n – Antônio José Carvalho;(74) 3548-2157;4029801
Bahia;Piripá;Unidade Mista de Saúde;Rua Oliveira Brito, s/n - Centro;(77) 3454-2561;4029844
Bahia;Planalto;Hospital Municipal Nilton Ferreira dos Santos;Av. 15 de Novembro, 001 - Centro;(77) 3434-2206/2561;2601117
Bahia;Poções;Hospital São Lucas;Rua Oswaldo Cruz, 259 - Centro;(77) 3431-5448/5248/2380;2601583
Bahia;Poções;UPA 24H Vilobaldo Macedo;Rua Santo Antonio, 590 - Indaiá;(77) 3431-5812;7592191
Bahia;Pojuca;Hospital Municipal Dr. Carlito Silva;Rua José Corgozinho de Carvalho;(71)3645-3271;7187556
Bahia;Ponto Novo;Unidade Hospitalar Nossa Senhora de Fátima;Rua São Jorge, s/n - Centro;(74) 3677-1387;2600714
Bahia;Porto Seguro;Hospital Luis Eduardo Magalhães;BR 367, Km 56 Lot Quinta do Descobrimento, s/n – Cambolo;(73) 3288-4911;2802090
Bahia;Potiraguá;Hospital Maternidade de Potiraguá;Rua Tranquilina Ferraz, 01 – Joaquim Sales;(73) 3285-2140;2600935
Bahia;Presidente Jânio Quadros;Centro de Saúde São João Batista;Av. Antônio Carlos Magalhães, s/n - Centro;(77) 3492-2231/2282;4030184
Bahia;Presidente Tancredo Neves;Hospital Maternidade Luis Eduardo Magalhães;Rua Heitor Guedes de Melo, s/n - Ginásio;(73) 3540-1003;2600730
Bahia;Remanso;Casa de Saúde de Remanso;Av. Presidente João Figueiredo, 660 Qd. 07;(74) 3535-1051;2509377
Bahia;Remanso;Hospital São Pedro;Rua Epitácio Dias da Silva, 115 - quadra 07;(74) 3535-1051;2509369
Bahia;Ribeira do Pombal;Hospital Geral Santa Tereza;Rua Salustiano Guerra, 338 - Centro;(75) 3278-1290/1140;2799790
Bahia;Rio Real;Hospital e Maternidade Maria Amelia Menezes Santos;Rua Monsenhor Florisvaldo, 709 - Centro;(75) 3426-1242;2653699
Bahia;Ruy Barbosa;Santa Casa de Misericórdia de Ruy Barbosa;Rua Juvêncio Xavier, 475 – Centro;(75) 3252-1092;2510391
Bahia;Santa Cruz Cabrália;Hospital José Maria de Magalhães Neto;BR 367, 80 – Mutary;(73) 3282-1188/1417;2510782
Bahia;Santa Maria da Vitória;Hospital Municipal Dr. José Borba;Av. Gov. Roberto Santos, s/n - Sambaíba;(77) 3483-8925/8926;2799804
Bahia;Santa Luz;Hospital Municipal Petronilho Evangelista dos Santos;Rua Pedro Evangelista dos Santos nº 195, Centro;(75) 3265-2099/(75) 98298-3998;2510278
Bahia;Santa Teresinha;Hospital Municipal Edite Nogueira Rangel;Rua Alto da Boa Vista, s/n - Centro;(75) 3639-2165;2514435
Bahia;Santana;Hospital Municipal Dr. Francisco Flores;Rua Manoel Novais, 1 - Centro;(77) 3784-2910;2514311
Bahia;Santo Amaro;Hospital Nossa Senhora da Natividade;Praça da Purificação, 61 – Centro;(75) 3241-8700/1799;2603284
Bahia;Santo Amaro;Hospital Nossa Senhora das Vitórias;Distrito - Oliveira dos Campinhos;(75)3208-1070;2514621
Bahia;Santo Antônio de Jesus;Hospital Regional de Santo Antônio de Jesus;Rua Cosme e Damião, s/n - Andaiá;(75) 3631-1400/4242;6414702
Bahia;São Félix;Hospital Nossa Senhora da Pompéia;Rua Nova, 01 - Centro;(75) 3438-3900/3905;2520613
Bahia;São Félix do Coribe;Hospital Municipal Dr. José Bastos;Rua F, s/n – Bela Vista;(77) 3491-1045;5025729
Bahia;São Sebastião do Passé;Hospital Albino Leitão;Praça Coronel Luiz Ventura, 78 – Centro;(71) 3655-1121;2493330
Bahia;Sapeaçu;Hospital Municipal de Sapeaçu;Rua Francisco Tupinambá, 92 - Pq. Mangueiras;(75) 3627-2241/(75) 99963-2424;2523051
Bahia;Sátiro Dias;Hospital Municipal de Sátiro Dias;Alto da Saudade, 1 - Centro;Indisponível;7223676
Bahia;Seabra;Hospital Regional da Chapada Diamantina;Av. Francisco Costa, s/n - Centro;(75) 3331-9400;9383298
Bahia;Sebastião Laranjeiras;Hospital Municipal de Sebastião Laranjeiras;Rua Tiradentes, 426 - Centro;(77) 3668-2100;2523299
Bahia;Senhor do Bonfim;Hospital Dr. Antonio Monteiro;Praça Duque de Caxias, 172 – Centro;(74) 3544-4121;2770012
Bahia;Sento Sé;Hospital Municipal Dr. Heitor Sento Sé;Av. Dr. Carlos Sampaio, 199 - Centro;(74) 3537-2966;2523310
Bahia;Serra do Ramalho;Hospital Municipal Gilvan Wanderley de Farias;Rua São Paulo, s/n - Centro;(77) 3620-1361;4032497
Bahia;Serra Dourada;Hospital Municipal Antonio Souza Fagundes;Praça Pedro José de Aquino, 493 - Centro;(77) 3686-2072;4037594
Bahia;Serrinha;Hospital Municipal de Serrinha;Rodovia BA 409 KM 01 - BA Serrinha-Coité;(75) 3261-2224;2801914
Bahia;Simões Filho;Hospital Municipal de Simões Filho;Av. Washington Luis, s/n - Centro;(71) 3296- 8500;2532387
Bahia;Sítio do Mato;Hospital Municipal Maria Pereira Macedo;Rua das Flores, s/n - Centro;(77) 3671-2391;3208419
Bahia;Sobradinho;Hospital Municipal Maria Auxiliadora de Carvalho Torres;Av. D , s/n Quadra 2, São Francisco;(74) 3537-2966;2524163
Bahia;Souto Soares;Hospital Municipal Jonival Lucas;Praça Luiz Eduardo Magalhães, s/n - Centro;(75) 3339-2106;2525062
Bahia;Tanhaçu;Unidade de Pronto Atendimento de Tanhaçu;Rua Osvaldo Cruz, s/n - Jurema;(77) 3459-1233;5835208
Bahia;Teixeira de Freitas;Unidade de Pronto Atendimento - UPA;Av. Getúlio Vargas, 3197 - Bela Vista;Indisponível;7964145
Bahia;Teixeira de Freitas;Unidade Municipal Materno Infantil (UMMI);Av. Presidente Getúlio Vargas, s/nº - Jardim Liberdade;(73) 3291-2763;5005027
Bahia;Tremedal;Unidade Mista Hospitalar Dr. Adelmário Pinheiro;Av. Sete de Setembro, s/n - Centro;(77) 3494-2490;3010902
Bahia;Uauá;Hospital Municipal de Uauá;Rua do Forum, s/n – Centro;(74) 3673-1113;2525259
Bahia;Ubaíra;Associação de Proteção a Maternidade e Infância Ubaíra (APMIU);Rua Antônio Teixeira Della Cellas s/n – Centro;(75) 3544-2102/981719152;2524996
Bahia;Urandi;Hospital Municipal de Urandi;Praça Deputado Henrique Brito, 160 – DC5;(77) 3456-2184;4033418
Bahia;Utinga;Hospital Municipal de Utinga;Rodovia BA UtingaWagner, 01 – Centro;(75) 3337-1745;6025692
Bahia;Valença;Santa Casa de Misericórdia de Valença;Rua Barão de Jequiriçá, s/n - Centro;(75) 3641-8400/8435/8494/9595;2525712
Bahia;Vera Cruz;UPA de Vera Cruz;Av. Juvenal João Vinagre, 175 – Mar Grande;(71) 3633-3305;2532883
Bahia;Vereda;PSF II Idalina da Rocha Nonato;Rua Professor Tertuliano Pereira de Queiroz;(73) 3661-2111;2525666
Bahia;Vitória da Conquista;UPA de Vitória da Conquista;Avenida Filipinas, s/nº - Jurema;(77)3425-0785;9060537
Bahia;Vitória da Conquista;Hospital Geral de Vitória da Conquista;Av. Filipinas, s/n – Jardim Alvorada;(77) 3424-6060/2804;2402076
Bahia;Wagner;Hospital e Maternidade Ponte Nova;Av. Dr. Wood, s/n Centro;(75) 3336-2223;2814048
Bahia;Xique-Xique;Hospital Julieta Viana;Rua Erotides Nogueira, 703 - Centro;74 3661-1107;2601729
Ceará;Acaraú;Hospital Maternidade Doutor Moura Ferreira;R. José Julio Louzada, 750 - Centro;(88) 3661-1396;2516632
Ceará;Acopiara;Hospital Municipal de Acopiara;R. Eduardo, R. Marechal Deodoro, s/n - Centro;(88) 3565 1983;9275134
Ceará;Aracati;Hospital Pólo Dr. Eduardo Dias;R. Dragão do Mar, 819 - Centro;(88) 3446-2441;2372967
Ceará;Baixio;Hospital São Francisco - Unidade Mista do Baixio;R. Dona Maria da Glória, s/n - Centro;(88) 3539-1129;2552345
Ceará;Aracoiaba;Hospital e Maternidade Santa Isabel;R. Getúlio Vargas, 139 - Centro;(85) 3337-1415;4010779
Ceará;Brejo Santo;Hospital Geral de Brejo Santo;Av. Pref. João Inácio de Lucena, 1255 - Centro;(88) 3531-1082;2480646
Ceará;Canindé;Hospital São Francisco de Canindé;R. Simão Barbosa Cordeiro, 1397 - São Mateus;(85) 3343-2110;2527413
Ceará;Cariús;Hospital Doutor Thadeu de Paula Brito;R. Manoel Roque Bezerra, Esplanada, s/n;(88) 3514-1205;2561468
Ceará;Carnaubal;Unidade Mista Nossa Senhora Auxiliadora;Av. Paulo Sarazate, 0 - Centro;(88) 3650-1134;2561298
Ceará;Catarina;Hospital Municipal Doutor Gentil;R. Francisco Chagas Guedes, 441;(88) 3556-1112;2333864
Ceará;Cedro;Hospital e Maternidade Regional Zumira Sedrin Aguiar;R. Cel. Célso Araújo, 222 - Fátima;(88) 3564-1422;2499029
Ceará;Crateús;Hospital São Lucas;R. Ubaldino Souto Maior, 1052 – São Vicente;(88) 3691-2019;2481073
Ceará;Crato;Hospital e Maternidade São Francisco de Assis;R. Coronel Antônio Luíz, 1028 - Pimenta;(88) 3312-4000;2415488
Ceará;Crato;Hospital São Raimundo;Av. Teodorico Teles, 99 - Centro;(88) 3523-2600;2415496
Ceará;Croatá;Hospital Municipal Monsenhor Antônio;R. 3 de Maio, 571 - Centro;(88) 3659-1211;2561352
Ceará;Fortaleza;Instituto Dr. José Frota (IJF/CEATOX);R. Barão do Rio Branco, 1816 - Centro;(85) 3255-5050;7556608
Ceará;Guaraciaba do Norte;Hospital e Maternidade São José;R. Cap. Ferreira, 1466 - Santa Luzia;(88) 3652-2025;2561344
Ceará;Ibiapina;Hospital Municipal Maria Wanderlene Negreiros de Queiroz;Av. Dep. Fernando Melo, s/n - Centro;(88) 3653-1130;2561336
Ceará;Icó;Hospital Regional de Icó Prefeito Walfrido Monteiro Sobrinho;Av. Josefa Nogueira Monteiro, s/n - Centro;(88) 3561-1611;2611309
Ceará;Iguatu;Hospital Regional de Iguatú;R. Edilson Melo Távora, 172 - Esplanada I;(88) 3510-1250;2675560
Ceará;Ipaumirim;Hospital e Maternidade Maria José dos Santos;R. Miceno Alexandre Gonçalves, 165 - Centro;(88) 99974-4179;2554771
Ceará;Irapuã Pinheiro;Hospital Municipal São Bernardo;R. José Josué Costa, s/n;(88) 3569-1140;2328437
Ceará;Itapipoca;Hospital e Maternidade São Vicente de Paulo;R. Urbano Teixeira Menezes, 1 - Fazendinha;(88) 3631-5100;2552086
Ceará;Juazeiro do Norte;Hospital Regional do Cariri;R. Catulo da Paixão Cearense, s/n - Triângulo;(88) 3566-3600;6779522
Ceará;Jucás;Hospital Municipal José Facundo Filho;Av. José Facundo Filho, s/n - Planalto;(88) 3517-1014;5077680
Ceará;Lavras da Mangabeira;Hospital São Vicente Ferrer;R. José Raimundo Mangabeira, 230 - Cel. Francisco Correia Lima;(88) 3536-1280;2554518
Ceará;Limoeiro do Norte;Hospital São Camilo;R. Cel. Antônio Joaquim, 2047 - João XXIII;(88) 3423-4089;2527707
Ceará;Milhã;Hospital Municipal João Leopoldo Pinheiro Landim;R. José Joaquim Nemesio, s/n - Centro;(88) 3529-1313;2328100
Ceará;Mombaça;Hospital e Maternidade Antonina Aderaldo Castelo;R. Cel. José Aderaldo, 515 - Centro;(88) 3583-2272;2333880
Ceará;Orós;Hospital e Maternidade Luiza Teodoro da Costa;R. Antônio Amaro Costa, 2 - Centro;(88) 3584-1240;2499037
Ceará;Pedra Branca;Hospital Municipal São Sebastião;R. Furtunato Silva - Bom Princípio;(88) 3515-1026;2723255
Ceará;Piquet Carneiro;Hospital Municipal de Piquet Carneiro;R. Rancho Verde, s/n - Piquet Carneiro;(88) 3516-1192;2561409
Ceará;Quixadá;Hospital Municipal Dr. Eudásio Barroso;Praça João Brasileiro Filho, 2324 - Centro;(88) 3412-8556;2328402
Ceará;Quixadá;Hospital e Maternidade Jesus Maria José;Av. Francisco Pinheiro de Almeida, 2268 - Planalto Universitário;(88) 3412-0681;2328399
Ceará;Quixelô;Hospital Municipal de Quixelô;R. Maria Julia, s/n - Centro;(88) 3579-1197;2328929
Ceará;Quixeramobim;Hospital Regional Doutor Pontes Neto Filho;R. Alto do Boqueirão, s/n - Centro;(88) 3441-1353;2328380
Ceará;Quixeramobim;Hospital Regional Sertão Central;Rodovia CE 060, Km 198 - Estrada do Algodão;(88) 3406-1300;7061021
Ceará;Russas;Hospital e Casa de Saúde de Russas;R. Dr. José Ramalho, 1436 - Centro;(88) 3411-0147;2328003
Ceará;Saboeiro;Hospital Unidade Mista de Saúde;R. Sinfronio Braga - Centro;(88) 3526-1267;2561018
Ceará;São Benedito;Hospital Municipal de São Benedito;Rodovia da Confianca Norte, s/n - Pimenteiras;(88) 3626-1363;2665190
Ceará;Senador Pompeu;Hospital e Maternidade Santa Isabel;Av. Joaquim Ferreira de Magalhães, 997 - Centro;(88) 99741-1404;2611481
Ceará;Sobral;Hospital Regional Norte;Av. John Sanford, 1505 - Junco;(88) 3677-9300;6848710
Ceará;Sobral;Santa Casa Sobral;Rua Antônio Crisóstomo de Melo, 919 - Centro;(85) 3112-0400;7556594
Ceará;Solonópole;Hospital e Maternidade Maria Suelly Nogueira Pinheiro;R. Dep. Alfredo Barreira Filho, 128 - Centro;(88) 3518-1133;2328119
Ceará;Tauá;Hospital Regional e Maternidade Alberto Feitosa Lima;R. Abgail Cidrão, 213 - Planalto dos Colibris;(91) 3437-4299;2328046
Ceará;Tianguá;Hospital e Maternidade Madalena Nunes;R. Assembléia de Deus, s/n - Centro;(88) 3671-2100;2560852
Ceará;Ubajara;Hospital Municipal Belarmina da Costa;R. Antônio de Barros, 173;(88) 3634-2322;2561328
Ceará;Umari;Hospital Hercília Lopes;Rua Dom Quintino S/N;(88) 98856-4428;2499045
Ceará;Viçosa do Ceará;Hospital de Maternidade de Viçosa do Ceará;Av. José Figueira, s/n - Centro;(88) 3632-1119;2561425
Distrito Federal;Brasília - Asa Norte;Hospital Regional da Asa Norte - HRAN;SMHN s/n, Quadra 101, Área Especial - Plano Piloto;(61) 3449- 4727;10464
Distrito Federal;Brasília - Asa Sul;Hospital Materno Infantil de Brasília - HMIB;SGAS 608/609 Módulo A - L2 Sul;(61) 3449- 7746;10537
Distrito Federal;Brazlândia;Hospital Regional Brazlândia;Área Especial 06 - Setor Tradiconal;(61)3449- 6390;10545
Distrito Federal;Ceilândia;Hospital Regional Ceilândia;QNM 27 - Área Especial 01;(61)3449- 6138;10480
Distrito Federal;Gama;Hospital Regional do Gama;Área Especial nº 1 - Setor Central;(61)3449- 7333;10472
Distrito Federal;Guará;Hospital Regional Guará;QI 06, Lt. C, Área Especial – Guará I;(61) 3449- 4988;2814897
Distrito Federal;Paranoá;Hospital da Região Leste;Quadra 2, Conj. K, Lt. 1, Setor Hospitalar;(61) 3449- 5306;2645157
Distrito Federal;Planaltina;Hospital Regional Planaltina;Av. WL 4, Setor Hospitalar Oeste – Área Especial;(61) 3449- 5819;10529
Distrito Federal;Santa Maria;Hospital Regional de Santa Maria;Avenida dos Alagados, Quadra AC 102, Blocos A, B, C e D, s/n;(61) 4042- 7770;5717515
Distrito Federal;Sobradinho;Hospital Regional de Sobradinho;Quadra 12 - Área Especial;(61) 3449- 5630;10502
Distrito Federal;Taguatinga;Hospital Regional de Taguatinga;QNC – Área Especial 24;(61)3449- 6668;10499
Espírito Santo;Afonso Cláudio;Hosp. São Vicente de Paulo - HSVP;Avenida José Giestas, 63 - Centro;(27) 3735-1699;2402874
Espírito Santo;Alegre;Pronto Atendimento Municipal de Alegre - PAM;Rua Olivio Correia Pedrosa, s/n - Centro;(28) 3552-2153;2448025
Espírito Santo;Alfredo Chaves;Pronto Atendimento Municipal Klinger Minassa;Rua Moacir Saudino, s/n - Centro;(27) 3269-2315;3743772
Espírito Santo;Anchieta;Hospital Padre Humberto - MEPES;Rua Costa Pereira, 129 - Centro;(28) 3536-1151;2499568
Espírito Santo;Aracruz;Hospital e Maternidade São Camilo - HMSC;Rua Manoel Pereira, 300 - Vila Rica;(27) 3256-9700;2770326
Espírito Santo;Atílio Vivacqua;Hospital Dra. Andrea Canzian Lopes - HDACL;Rua Capitão Jovino Alves Pedra, 20 - Niterói;(28) 3538-1219;2485397
Espírito Santo;Baixo Guandu;Hosp. Dr. João dos Santos Neves - HDJSN;Rua Dr. Hugo Lopes Nalle, 319 - Centro;(27) 3732-2900;2675714
Espírito Santo;Barra de São Francisco;Hospital Estadual Alceu Melgaço Filho;Rua Pref. Manoel Gonçalves, 825 - Centro;(27) 3756-8455;2445956
Espírito Santo;Boa Esperança;Hospital e Maternidade Cristo Rei - HMCR;Avenida Senador Eurico Rezende, 848 - Centro;(27) 3768-1162;2485249
Espírito Santo;Cachoeiro de Itapemirim;Hospital Infantil Francisco de Assis - HIFA;Rua Coronel Guardia, 100 - Centro;(28) 2101-5656;2485729
Espírito Santo;Cachoeiro de Itapemirim;Unidade de Pronto Atendimento Dr. Antonio Jorge Abib Netto;Rua Horaci Amarante Matos, s/n - Marbrasa;(28) 3518-4136;9132813
Espírito Santo;Castelo;Hospital Municipal de Castelo;Rua Antônio Bento, 112 - Centro;(28) 3542-1591;6823351
Espírito Santo;Colatina;Hospital e Maternidade Sílvio Avidos - HSA;Rua Cassiano Castelo, 307 - Centro;(27) 3721-7929;2446030
Espírito Santo;Colatina;Hospital e Maternidade São José;Ladeira Cristo Rei, 514 - Perpétuo Socorro;(27) 2102-2100/2102;2448521
Espírito Santo;Conceição da Barra;Hospital Nossa Senhora da Conceição - HNSC;Rua Prefeito Ítalo Benso, 735 - Centro;(27) 3762-3608;2483939
Espírito Santo;Conceição do Castelo;Hosp. Municipal N. S. da Penha - HMNSP;Rua José Oliveira de Souza, 300 - Pedro Rigo;(27) 3547-1144;2630079
Espírito Santo;Domingos Martins;Hosp. e Mat. Arthur Gerardt - SCV;Avenida Koehler, 230 - Centro;(27) 3268-1499;2402882
Espírito Santo;Ecoporanga;Fund. Med. Assist. do Trab. Rural de Ecoporanga - FUMATRE;Rua Idalina Monteiro, 195 - Nossa Senhora Aparecida;(27) 3755-1131;2484676
Espírito Santo;Fundão;Hospital Dr. César Agostini - HDCA;Avenida César Pegoretti, s/n - Centro;(27) 3267-1840;2626748
Espírito Santo;Guaçuí;Pronto Atendimento Lionizio Goncalves da Rocha;Rua Eugenio de Souza Paixão, s/n - Quincas Machado;(28) 3553-0479;3480550
Espírito Santo;Guarapari;Unidade de Pronto Atendimento II Dr João Batista de Almeida Neto;Rua Cachoeiro de Itapemirim, s/n - Ipiranga;(27) 3261-6989;2466422
Espírito Santo;Ibatiba;Pronto Atendimento Municipal Eliana S. T. Carvalho;Rua Nossa Senhora do Rosário, s/n - Centro;(28) 3543-1136;6517862
Espírito Santo;Irupi;Pronto Atendimento Municipal de Irupi;Rua João Costa, 570 - João Tomaz;(28) 3548-1101;6487874
Espírito Santo;Itaguaçu;Hosp. N. S. da Boa Família - HNSBF;Alameda Matheus Antônio Prederigo, 01 - Centro;(27) 3725-1105;2445085
Espírito Santo;Itapemirim;Hospital Evangélico de Itapemirim - HEI;Avenida Cristiano Dias Lopes Filho, s/n - Centro;(28) 3529-6277;6945368
Espírito Santo;Itarana;Hospital São Bráz - HSB;Rua Pascal Marques, 300 - Centro;(27) 3720-1759;2629992
Espírito Santo;Iúna;Santa Casa de Iúna - SCI;Avenida Tancredo Neves, 381 - Niterói;(28) 3545-1213;2650533
Espírito Santo;Jaguaré;Unidade Mista de Internação - UMI;Rua Paschoal Brioschi, 319 - Centro;(27) 3769-1768;2484269
Espírito Santo;Jerônimo Monteiro;Hospital de Jerônimo Monteiro - UIJM;Avenida Dr. José Farah, 34 - Centro;(28) 3558-1133;2403242
Espírito Santo;João Neiva;Hospital e Maternidade Sagrado Coração de Maria;Rua Eurico Sales, 110 - Centro;(27) 3258-1050;2447894
Espírito Santo;Laranja da Terra;Hospital Municipal São João Batista;Avenida Germano Stabenow, s/n - Centro;(27) 3372-3043/1965;3007472
Espírito Santo;Linhares;Hospital Geral de Linhares - HGL;Rua Monsenhor Pedrinha, 800 - Araçá;(27) 3736-1323/1390;7327404
Espírito Santo;Mantenópolis;Pronto Atendimento Municipal - PAM;Rua Jaime dos Santos Neves, 1 - Centro;(27) 3758-2255;2465825
Espírito Santo;Marataízes;Pronto Atendimento da Barra;Avenida Simão Soares, s/n - Barra do Itapemirim;(28) 3532-5856;2547392
Espírito Santo;Marilândia;Pronto Atendimento de Marilandia - Policlínica Vereador Elio Bertolo;Rua Angela Saverginni, 265 - Centro;(27) 3724-2970/2983;2484633
Espírito Santo;Mimoso do Sul;Hospital Apóstolo Pedro - HAP;Rua Cecilino de Melo Portinho, 193 - Centro;(28) 3555-1566;2448173
Espírito Santo;Montanha;Hospital e Maternidade Nossa Sra. Aparecida - HMNSA;Avenida Antônio Paulino, 1060 - Centro;(27) 3754-1215;2483998
Espírito Santo;Mucurici;Hospital São João Batista;Rua Coronel Vindilino Lima, 117 - Centro;(27) 3751-1331;2702800
Espírito Santo;Muniz Freire;Hospital Santa Casa de Misericórdia Jesus, Maria e José - HSCJMJ;Rua Ercílio José Areias, 66 - Centro;(28) 3544-1147;2547090
Espírito Santo;Muqui;Hospital Maternidade Dr. Aluisio Filgueiras;Rua João Jacinto, 316 - Centro;(28) 3544-1339;2446782
Espírito Santo;Nova Venécia;Hospital São Marcos - HSM;Rua Paraná, 164 - Beira-Rio;(27) 3383-7200;2484943
Espírito Santo;Pancas;Hospital e Maternidade de Pancas;Rua Espírito Santo s/n - Bairro Operário;(27) 3726-1201;2448645
Espírito Santo;Pedro Canário;Hospital Menino Jesus - HMJ;Praça Presidente Castelo Branco, 90 - Centro;(27) 3764-1101;2678233
Espírito Santo;Pinheiros;Hospital Municipal de Pinheiros - HP;Rua Dr. Lobato, s/n - Centro;(27) 3765-2155;2484366
Espírito Santo;Presidente Kennedy;Pronto Atendimento Municipal de Presidente Kennedy - PAM;Rua Sebastião Vieira de Menezes, 100 - Centro;(28) 3535-1105;2548119
Espírito Santo;Rio Bananal;Hospital e Maternidade Alfredo Pinto Santana;Rua João Cipriano, 500 - São Sebastião;(27) 3265-1101;2494345
Espírito Santo;Santa Leopoldina;Hospital Evangélico de Santa Leopoldina - HESL;Ladeira Vereadora Rosalina Ribeiro Nunes, 1000;(27) 3266-1131;2599899
Espírito Santo;Santa Maria de Jetibá;Hospital Evangélico de Santa Maria de Jetibá;Rua Hermann Miertschink, 210 - Centro;(27) 3263-3777;2569213
Espírito Santo;Santa Teresa;Hospital Madre Regina Prottmann;Avenida das Acácias, 417 - Jardim da Montanha;(27) 3259-1113;2532190
Espírito Santo;São Domingos do Norte;Pronto Atendimento Eugenio Malacarne;Rua Valeriano Sebastião Pagani, s/n - Centro;(27) 3742-1034;2445638
Espírito Santo;São Gabriel da Palha;Hospital Dr Fernando Serra - HFS;Rua 14 De Maio, 90 - Centro;(27) 3727-1387;27271387
Espírito Santo;São José do Calçado;Hospital São José;Rua Dr. José Fernando, s/n - Centro;(28) 3556-2800;2448807
Espírito Santo;São Mateus;Hospital Roberto A. Silvares - HRAS;Othovarino Duarte Santos, Km 02 - Parque Washington;(27) 3767-7540;2547317
Espírito Santo;São Roque do Canaã;Unidade de Saúde Ethevaldo Francisco Roldi;Rua Olivio Perini, 107 - Cinco Casinhas;(27) 3729-1775;2569191
Espírito Santo;Serra;Hospital Estadual Jayme dos Santos Neves;Avenida Paulo Pereira Gomes, s/n - Morada de Laranjeiras;(27) 3331-7500;7257406
Espírito Santo;Venda Nova do Imigrante;Hospital Padre Máximo - HPM;Avenida Lourenço Zandonade, 880 - Vila Betania;(28) 3546-1131;2403331
Espírito Santo;Vila Valério;Pronto Atendimento Maria do Carmo Tom Dalmagro;Avenida Benedito Alves Soares, s/n - Santa Rita;(27) 3728-1040;6674593
Espírito Santo;Vila Velha;Hosp. Estadual Infantil e Maternidade Alzir Bernadino Alves - HEIMABA;Avenida Ministro Salgado Filho, 918 - Soteco;(27) 3636-3187;2678179
Goiás;Acreúna;Hospital Público Municipal Rosulino Campos B. de Minas;Avenida São Felipe Area Remanescente S/N Setor Campestre;(64) 3645-8010;2437570
Goiás;Água Fria de Goiás;Centro de Saúde de Água Fria de Goiás;Rua Zaida Pinto Boaventura, s/n - Centro;(62) 3464-1342;2361507
Goiás;Alexânia;Hospital Municipal de Alexânia;Praça Araguaia, 15 - Centro;(62) 3336-1903;2762544
Goiás;Alto Paraiso de Goiás;Hospital Municipal Gumercino Barbosa Paraisinho;Rua São José Operário, s/n - Paraisinho;(62) 3446-2102;2342073
Goiás;Alvorada do Norte;Unidade Mista Hospitalar de Alvorada do Norte;Rua 02, s/n - Centro;(62) 3421-1085;2534916
Goiás;Anápolis;Hospital Municipal Alfredo Abrahão;Rua P-032, S/N Quadra 21 Jardim Progresso;(62) 3902-2753;2361744
Goiás;Aporé;Hospital Municipal Dr. José Quaranta Filho;Avenida João Nunes, 301 - Centro;(64) 3644-1164;2442752
Goiás;Barro alto;Hospital Municipal de Barro Alto;Avenida Pedra de Fogo, s/n - Alfredo Sebastião BA;(62) 3347-6608/6622;2381885
Goiás;Bom Jardim de Goiás;Hospital Municipal Santa Clara Bom Jardim de Goiás;Rua Goiânia, s/n - Centro;(64) 3657-1513;2535238
Goiás;Bom Jesus de Goiás;Hospital Municipal José Rezende de Bom Jesus;Rua Itumbiara, 91 - Setor Dona Eleontina;(64) 3608-600/8300;3354423
Goiás;Cabeceiras;Hospital Municipal de Cabeceiras;Avenida Presidente Juscelino, s/n - Parque São João;(61) 3636-1512/1459;2437597
Goiás;Caçú;Hospital Municipal Pedro Martins de Souza;Rua Candida Maria Guimarães, 839 - Centro;(64) 3656-6020;2383489
Goiás;Caiapônia;Hospital Municipal Adão Nazir Martins Silva;Rua Dom Pedro I Esq./ Av Américo Ferna, s/n - Vila Nova;(64) 3663-1043;9135499
Goiás;Caldas Novas;UPA Unidade de Pronto Atendimento;Rua Professor Josino Bretas Esq./ Rua Dr. Ciro Palmerston, 1 - Centro;(64) 3453-0022;7064578
Goiás;Campinorte;Hospital Municipal de Campinorte;Avenida Central, s/n - Centro;(62) 3447-3421;2384086
Goiás;Campos Belos;Hospital Municipal de Campos Belos;Rua Desembargador Rua Miranda, s/n - Centro;(62) 3451-2739;2383233
Goiás;Castelândia;Hospital Municipal Luiza de Souza Ramos;Avenida Rio Verde, 2197 - Centro;(64) 3649-1390;2437996
Goiás;Catalão;UPA Catalão;Avenida Dr. Lamartine Pinto de Avelar, 1800 - Setor Universitário;(64) 3441-2304;7977123
Goiás;Cavalcante;Hospital Municipal de Cavalcante;Avenida Elias Jorge, Qd. 68, s/n - Centro;(62) 3494-1013;2382709
Goiás;Ceres;UPA Unidade de Pronto Atendimento;Rua 14 Nº 172 Centro;(62) 3323-1549;2337576
Goiás;Chapadão do Céu;Hospital Municipal Santa Luzia;Avenida Orion, Qd. 43, s/n - Centro;(64) 3634-1261;2438410
Goiás;Cocalzinho de Goiás;Hospital Municipal Jair Paiva;Avenida São Paulo Esq./ 3 de Julho, s/n - Centro;(62) 3339-1720;2361868
Goiás;Colinas do Sul;Hospital Municipal Malvina Herculano Sizervinsk;Rua Minas Gerais, Qd. 75, Lt. 17 - Centro;(62) 3486-1179;2534932
Goiás;Corumbaíba;Hospital Municipal de Corumbaíba;Rua 5, s/n - Centro;(64) 3447-7029;2436906
Goiás;Cristalina;Hospital Municipal de Cristalina Chaud Salles;Avenida Kaled Cosac, 540 - Centro;(61) 3612-1010;2383896
Goiás;Crixás;Hospital Municipal de Crixás;Praça Inácio José Campos, 06 - Centro;(62) 3365-1088/1390;2507420
Goiás;Divinopolis de Goiás;Hospital Municipal Mãe Roberta;Rua Duque de Caxias, s/n - Centro;(62) 99951-7397;2571218
Goiás;Doverlândia;Hospital Municipal Ariston Soares da Rocha;Avenida Rio do Peixe, s/n - Centro;(64) 3664-2025;2441845
Goiás;Flores de Goiás;Hospital Municipal de Flores de Goiás;Rua 06, s/n - Novas Flores;(62) 3448-1137;2535327
Goiás;Formosa;Hospital Regional de Formosa Dr César Saad Fayad;Avenida Maestro João Luiz do Espirito Santo, 450 - Parque Laguna II;(61) 3631-3002/7681;2534967
Goiás;Formosa;UPA Formosa;Via 26 A, s/n - Setor Sul;(61) 3981-1108;6722253
Goiás;Goianésia;Hospital Municipal Irmã Fanny Duran;Rua 33 Esq. C/14, 416 - Centro;(62) 3935-1038/1039;2534584
Goiás;Goiania;Hospital Estadual de Doenças Tropicais Dr. Anuar Auad (HDT);Avenida Contorno, 3556 - Bela Vista;(62) 3201-3673/3748;2506661
Goiás;Goiás;Hospital de Caridade São Pedro D'alcântara;Rua Dr. Couto Magalhães, s/n - Centro;(62) 3371-5150;2343525
Goiás;Goiatuba;Hospital Municipal Dr. Henrique Santillo;Avenida Clovis Rodrigo do Vale, 550 - Setor Oeste;(64) 3495-0067;2340038
Goiás;Hidrolina;Hospital Municipal de Hidrolina;Avenida Antonio Braga, s/n - Aeroporto II;(62) 3349-6234;2534797
Goiás;Iaciara;Hospital Municipal de Iaciara;Avenida Pedro Alexandre de Oliveira, Qd. 3, Lt. 1 - Setor Alto da Boa Vista;(62) 3473-1282;2534940
Goiás;Inaciolândia;Hospital Municipal Jorge Assad Salles;Avenida Goiás, s/n - Dinamar Ribeiro;(64) 3435-1507;2438291
Goiás;Indiara;Hospital Municipal de Indiara;Rua Simon Bolivar Qd. 01 Lt. 01 a 22 Setor Alto Primavera;(64) 3547-3200;2343185
Goiás;Inhumas;UPA Lázaro Alberto de Moraes;Rua Rui Barbosa, s/n - Centro;(62) 3511-2266;7989458
Goiás;Ipameri;Pronto Socorro Municipal Dr. Carlos Antônio Costa Marot;Avenida Dr. Gomes da Frota, 12 - Centro;(64) 3491-6024;5893232
Goiás;Iporá;UPA;Avenida São Paulo, s/n - Mato Grosso;(64) 3603-7276;9541004
Goiás;Itaberaí;Hospital Dr. Gilberto da Silva Caldas;Avenida José Albino Lagares, s/n - Vila Leonor;(62) 3375-1476;2382482
Goiás;Itajá;Hospital Municipal de Itajá;Rua Jacob Rodrigues, 865 - Jardim Planalto;(64) 3648-7019;2438003
Goiás;Itapaci;Hospital Municipal José Peixoto da Silveira Itapaci;Avenida Laura Lins Alencar, 7 - Centro;(62) 3361-1699;2534517
Goiás;Itumbiara;Hospital Municipal Modesto de Carvalho;Rua João Henrique Duarte, s/n - Alto da Boa Vista;(64) 3433-0300;2789647
Goiás;Jaraguá;Hospital Estadual de Jaraguá Sandino de Amorim;Avenida Dioni Gomes Pereira da Silva, s/n - Setor Aeroporto;(62) 3326-1370;2361949
Goiás;Jataí;Hospital das Clínicas Dr. Serafim de Carvalho;Rua Joaquim Caetano, s/n - Divino Espírito Santo;(64) 3632-3700;2535556
Goiás;Jussara;Hospital Municipal Dr. Abiud Ponciano Dias;Avenida Presidente Prudente, 204 - Setor Guanabara;(62) 3373-2050;3795292
Goiás;Luziania;UPA Luziânia;Avenida José do Patrocínio, s/n - Parque Estrela Dalva;(61) 3620-0155/0111;7883668
Goiás;Mambaí;Hospital Municipal de Mambaí;Rua Costa e Silva, s/n - Centro;(62) 3484-1201;2437988
Goiás;Mara Rosa;Hospital Municipal José Inocencio Oliveira de Mara Rosa;Rua Rio de Janeiro, s/n - Vila União;(62) 3366-1764;2569671
Goiás;Minaçu;Hospital Municipal Dr. Ednaldo Barbosa Machado;Avenida Cana Brava, 230 - Centro;(62) 3379-1364;2438313
Goiás;Mineiros;UPA 24 hs;Rua 4 esq/Avenida 5 C, s/n - Marcelino Teodoro;(64) 3661-0303;7813767
Goiás;Monte Alegre de Goiás;Hospital Municipal de Monte Alegre de Goiás;Avenida Bom Jesus, s/n - Setor Palmares;(62) 3457-1166;2534924
Goiás;Morrinhos;Hospital Municipal de Morrinhos;Rua 17, 170 - Setor Aeroporto;(64) 3417-2002;2382466
Goiás;Mozarlândia;Hospital Municipal de Mozarlândia;Rua São Paulo, s/n - Centro;(62) 3348-7657;2535165
Goiás;Mundo Novo;Hospital Municipal Mundo Novo;Rua Cascalheira c/ Avenida Acre, s/n - Gabriel Falchi;(62) 3391-3177;2333988
Goiás;Niquelândia;Hospital e Maternidade Santa Efigênia;Avenida Anhanguera, 86 - Setor Belo Horizonte;(62) 3354-2254/4035;2534789
Goiás;Nova Crixás;Hospital Municipal de Nova Crixás;Alameda Dom Pedro II, s/n - Centro;(62) 3385-3154;2437023
Goiás;Orizona;Ambulatório 24 Horas;Avenida Contorno, s/n - Santa Maria II;(64) 3474-1323;7194498
Goiás;Padre Bernardo;Hospital São Vicente de Paulo;Avenida Martins, s/n - Vila;(61) 3633-1313;2437171
Goiás;Palmeiras de Goiás;Hospital Municipal Dr. Maria Marcia Gonzaga Maria;Rua Dr. José Mendonça Esq./ Couto Magalhães, 149 - Centro;(64) 99952-0077;2383950
Goiás;Parauna;Pronto Socorro Municipal de Parauna;Rua Sebastião da Silva Melo, 19 - Centro;(64) 99997-3487;6277578
Goiás;Piracanjuba;Hospital Municipal de Piracanjuba;Praça Dimas Costa, s/n - Centro;(64) 3405-4065;2442205
Goiás;Pirenópolis;Hospital Estadual Ernestina Lopes Jaime;Rua Pirineus, s/n - Centro;(62) 3331-7500;2437783
Goiás;Pires do Rio;Hospital Municipal Pires do Rio;Rua José Alexandre de Rezende, 28 - Santa Cecília;(64) 3461-4061;2340526
Goiás;Planaltina de Goiás;Hospital Municipal Materno Infantil Santa Rita de Cassia;Quadra 08, 115 - Setor Leste;(61) 3637-8166/2115;2437651
Goiás;Pontalina;UPA Dr. Osires de Urzeda Natal;Rua 6 com Avenida B, s/n - Setor Bela Vista;(64) 3471-1364;247774
Goiás;Porangatu;Hospital Municipal de Porangatu;Rua Goiás, 20 - Jardim Brasília;(62) 3362-5053;110140
Goiás;Posse;Hospital Munic. Dr. Arquimedes Vieira de Brito Posse;Rua Correntina, s/n - Centro;(62) 3481-4927;2382792
Goiás;Quirinópolis;Hospital Municipal Antonio Martins da Costa;Avenida Rui Barbosa, 286 - Centro;(64) 3651-8881/8880;2360470
Goiás;Rio Verde;UPA Dr. José Povoa Mendes;Rua Augusta Bastos, 3276 - Jardim Goiás;(64) 3620-2040;6834477
Goiás;Sanclerlândia;Hospital Municipal São Vicente de Paula;Avenida Norte Sul, 1128 - Centro;(64) 98177-5212;2441500
Goiás;Santa Helena de Goiás;UPA Dom Miguel Pedro Mundo;Avenida Esperidião Paulo Curi Esq./ Alameda Hidelbrand, s/n;(64) 3641-8749;9362185
Goiás;Santa Terezinha de Goiás;Unidade Básica de Saúde PSF 02;Rua Pedro Batista Ferreira, s/n - Centro;(62) 3339-6130;2442337
Goiás;São Domingos;Hospital Municipal de São Domingos;Rua Pedro Matias dos Santos, Qd 10, Lt 01-04 - Setor São Sebastião;(62) 3425-1598;2569701
Goiás;São João D'Aliança;Hospital Municipal Santa Madalena;Rua 08 Esq/ Rua 33, s/n - Label;(62) 3438-1629;2383381
Goiás;São Luís de Montes Belos;Hospital Regional de São Luís de Montes Belos Dr. Geraldo Lando;Rua 3, s/n - Vila Popular;(64) 3671-7000;2382474
Goiás;São Miguel do Araguaia;Hospital Municipal Adailton do Amaral;Rua Pernambuco, s/n - Setor Eliziário;(62) 3977-7122/7127/7123;2382431
Goiás;São Simão;Hospital Municipal de São Simão;Avenida Brasil, 1 - Centro;(64) 3658-1024;2383012
Goiás;Silvânia;Hospital Hospital Nosso Senhor do Bonfim;Avenida Dom Bosco, 978 - Centro;(62) 3332-1761;2769603
Goiás;Sítio D'Abadia;Centro de Saúde de Sítio D'Abadia;Praça da Bandeira, 10 - Centro;(62) 3483-1198;2382814
Goiás;Trindade;UPA de Trindade;Avenida Tiradentes, s/n - Setor Soares;(62) 3577-4595;9058079
Goiás;Uruaçu;UPA;Rua 01, s/n - Setor Boa Vista II;(62) 3357-3886;9138153
Goiás;Vianópolis;Hospital e Maternidade São Sebastião Ltda.;Rua Eugênio Jardim, 99 - Centro;(64) 3335-1160;2441969
Goiás;Vila Boa;Hospital Municipal Osvaldo Ribeiro de Moura;Avenida Saturnino de Brito, s/n - Setor Nova Aurora;(61) 3466-1316;2439883
Maranhão;Açailândia;Hospital Municipal de Açailândia;Rua João de Deus, S/N - GETAT;(99) 99167-1012;2463016
Maranhão;Alto Parnaíba;Hospital Municipal de Alto Parnaíba;Av. Governador José Sarney, S/N - Santa Cruz;(99) 98429-7277;2453126
Maranhão;Arame;Hospital Municipal de Arame;Av. Rio Branco, S/N - Centro;(99) 98811-4354;2463954
Maranhão;Arari;Hospital Jorge Oliveira;Praça Major Pestana, S/N - Centro;(98) 3453-1120;2451573
Maranhão;Alto Alegre do Maranhão;Hospital Regional de Alto Alegre do Maranhão;Rua Tereza Murad, S/N - Centro;(99) 98446-6022;7073224
Maranhão;Alto Alegre do Pindaré;Hospital Municipal João Antonio Santos;Rua Nova, S/N - Centro;(98) 99142-5968;2462192
Maranhão;Amarante do Maranhão;Hospital Municipal São José de Ribamar;Rua 21 de Abril, S/N - Centro;(99) 98419-5982;3667804
Maranhão;Anajatuba;Hospital Municipal Padre Chiquinho;Rua Magalhães de Almeida;Indisponível;2646404
Maranhão;Anapurus;Hospital Municipal Madalena Monteles;Av. João Francisco Monteles, 846 - Centro;(98) 98480-2280;2309580
Maranhão;Apicum-Açu;Hospital Municipal Sebastiana Fonseca Costa;Avenida Candido Reis, s/n - Novo Apicum;Indisponível;7481063
Maranhão;Axixá;Hospital Municipal de Axixá;Avenida Senador Jose Sarney, 132 - Centro;(98) 98453-1395;2308908
Maranhão;Bacabal;Hospital Maria Socorro Brandão;Rua Magalhães de Almeida, 632 - Centro;(99) 3621-5280;2458055
Maranhão;Bacuri;Unidade Basica de Saúde São João Batista;Av. Deputado Cesar Bandeira;(98) 3392-1222;2463989
Maranhão;Bacabeira;UPA Dr Dilamar Fortes;Avenida Humberto de Campos;Indisponível;9475117
Maranhão;Balsas;Hospital e Maternidade Nayla Gonçalo;Praça da amizade, S/N - Cohab I;(99) 3541-2197;2462095
Maranhão;Barra do Corda;UPA 24H Maria Rosa Nepomuceno;BR 226, S/N - Trizidela;(99) 98141-2157;7744293
Maranhão;Barreirinhas;Hospital Regional de Barreirinhas;Avenida 01, 15 Lote PQ das Dunas - Cidade Nova;(98) 98835-8263;7013620
Maranhão;Bacurituba;Centro de Saude de Bacurituba;Rua Beijamin Constant, 1107 - Centro;(98) 99621-8598;2656094
Maranhão;Barão de Grajaú;Hospital Municipal Barjonas Lobão;Avenida BR 230 KM 04, S/N - Centro;(98) 3523-1907;2460343
Maranhão;Brejo;Hospital Municipal Dr. Antenor Vieira de Moraes;Planalto Santo Antonio, S/N - Centro;(98) 98319-4746;2531801
Maranhão;Bequimão;Hospital Municipal Lídia Martins;Av. Itapetininga, S/N - São Luisinho;(98) 98118-9452;2726688
Maranhão;Bela Vista do Maranhão;Hospital Municipal Antonio Moraes da Silva;Rua Nossa Senhora da Conceição, S/N - Centro;(98) 98813-9344;7572883
Maranhão;Bom Jardim;Hospital DR Antonio Lopes Varão;Av. V José Pedro Vasconcelos, S/N - Centro;(98) 99227-0267;2530031
Maranhão;Bom Jesus das Selvas;Hospital Municipal Bom Jesus das Selvas;Rua Adailton Lopes, S/N - Nestor Lemes;(98) 98839-7768;2531771
Maranhão;Buriticupu;UPA 24H de Buriticupu;Av. João Paulo II, S/N - Ecoburiticupu;Indisponível;9961011
Maranhão;Buriti Bravo;Hospital Municipal Zuza Coelho;Rua Joaquim Leite, s/n - Laranjeiras;(98) 98837-4209;2307898
Maranhão;Caxias;UPA Dr Fernando Vieira Chaves;Avenida Pirajá, S/N - Pirajá;(99) 98110-1924;9037780
Maranhão;Carolina;Complexo Hospitalar Gentil Filho;Rua Rio de Janeiro, nº 220 - Centro;(99) 98823-5600;3388301
Maranhão;Cajapió;Hospital Municipal Dr Heber Maranhão;Av. Frederico Martins de Azevedo;(99) 3531-2332;2449439
Maranhão;Cajarí;Hospital Municipal de Cajari;Rua Manoel Mendonça, S/N - Centro;(98) 98833-9181;2646447
Maranhão;Campestre do Maranhão;Hospital Municipal de Campestre do Maranhão;Av. do Aeroporto, S/N - Bairro de Lourdes;(98) 98436-8335;2461714
Maranhão;Capinzal do Norte;Hospital Municipal São Jose;Av. Lindolfo Floro;Indisponível;2726637
Maranhão;Carutapera;Hospital Regional de Carutapera;Rua Deputado Manoel Ribeiro, S/N - Centro;(98) 98429-7081;2463784
Maranhão;Cantanhede;Hospital Santa Filomena;Praça Paulo Rodrigues - Centro;(98) 3463-2596;2307510
Maranhão;Coelho Neto;UPA de Coelho Neto;MA 034, Olho Daguinha;Indisponível;9005064
Maranhão;Chapadinha;UPA José Oliveira Nunes;Av. Principal, S/N - Centro;(98) 99161-9750;9196099
Maranhão;Codó;Hospital Geral Municipal Dr. Marcolino Junior;Rua Desembargador Vasconcelos Torres, S/N - São Francisco;(99) 98854-5716;2449641
Maranhão;Coroatá;UPA de Coroatá;Avenida da Bandeira, S/N - Centro;(99) 99113-6834;6870805
Maranhão;Colinas;Hospital Municipal Nossa Senhora da Consolação;Rua Bela Vista, 1000 - Serrinha;(99) 98849-7359;2697947
Maranhão;Conceição do Lago Açu;Hospital da Criança e Mulher de Colinas;Rua Rui Barbosa, 321 - Centro;(99) 3552-1602;2726645
Maranhão;Cururupu;Serviço de Pronto Atendimento;Av. Liberalino Miranda, S/N - Centro;Indisponível;2454688
Maranhão;Dom Pedro;Hospital Geral Municipal de Dom Pedro;Rua Duque de Caxias;(98) 3662-1151;2702746
Maranhão;Duque Bacelar;Hospital Pedro dos Santos Oliveira;Rua Fernando Ferrari;(98) 3474-1321;2646560
Maranhão;Estreito;Hospital Municipal de Estreito;Av. Tancredo Neves, S/N - Centro;(99) 98153-1107;2310821
Maranhão;Esperantinópolis;Hospital Santa Marta;Rua 07 de Setembro;Indisponível;2455625
Maranhão;Feira Nova do Maranhão;Unidade Mista Luso Rocha;Rua Tocantins - Centro;(99) 3601-1035;2465086
Maranhão;Fernando Falcão;Hospital Geral Fernando Falcão;Av. José Ferreira de Santana;Indisponível;7639724
Maranhão;Formosa da Serra Negra;Unidade Mista de Saude Otavio Lima de Arruda;Rua Silva Jardim, S/N - Vila Viana;(99) 98213-5211;2460580
Maranhão;Fortaleza dos Nogueiras;Unidade Mista Casa de Saude Ovidia Coelho Nogueira;Rua Aristeu Nogueira - Centro;(99) 98234-3816;2449552
Maranhão;Grajaú;Hospital Regional de Grajau;Rua Projetada, S/N - Vila São Roque;(99) 99110-0350;6957501
Maranhão;Guimarães;Hospital Municipal de Guimaraes;Rua Emílio Habibe, S/N - Centro;(98) 98236-6448;4007514
Maranhão;Governador Nunes Freire;Hospital Municipal Governador Nunes Freire;Rua do Comércio, 1410 - Centro;Indisponível;2457121
Maranhão;Governador Luis Rocha;Hospital Municipal Pedro Ferreira Calado;Praça Presidente Jucelino;Indisponível;2460564
Maranhão;Gonçalves Dias;Hospital Municipal Dr Luís Gonzaga Martins;Rua Santa Terezinha;(99) 3562-1923;2461765
Maranhão;Graça Aranha;Hospital Pedro Carvalho de Sousa;Rua Tiradentes;Indisponível;2452855
Maranhão;Humberto de Campos;Hospital Municipal Elda Rieiro Fonseca;Travessa do Campo, S/N - Centro;(98) 99141-7023;2462095
Maranhão;Imperatriz;Hospital Municipal de Imperatriz (Socorrão);Rua Benedito Leite, 861 - Centro;(99) 99180-1027;2456672
Maranhão;Imperatriz;UPA de Imperatriz;Av. Bernardo Sayao, 2640 - Nov. Imperatriz;(99) 98225-0114;6929583
Maranhão;Itapecuru Mirim;Hospital Regional Adélia Matos Fonseca;Rua Humberto de Campos, S/N - Centro;(98) 99111-5963;2530236
Maranhão;Itaipava do Grajaú;Hospital Municipal Raimundo Rodrigues Serqueira;Av. Guajajara, S/N - Centro;Indisponível;7354606
Maranhão;Igarapé do Meio;Hospital Municipal Igarapé do Meio;Av. Nagib Haikel, 222 - Centro;Indisponível;2450631
Maranhão;Igarapé Grande;Hospital Expedito Lopes Galvão;Centro, 100;(99) 99160-0827;2811278
Maranhão;Itinga do Maranhão;Hospital Municipal de Itinga do Maranhao;Av. das Castanheiras, 250 - Centro;(99) 99135-7560;2646439
Maranhão;Jatobá;Hospital Municipal;Conjunto Elias Lima;Indisponível;7006438
Maranhão;Jenipapo dos Vieiras;Hospital Municipal Maria Vieira Oliveira;MA 328, S/N;(99) 98446-8914;7354568
Maranhão;Lajeado Novo;Complexo de Saúde Dr. Sousa Neto;Av. Moises Bandeira, S/N - Centro;Indisponível;2645203
Maranhão;Lago do Junco;Hospital Alcy Alves Arruda;Rua São Pedro;(99) 3634-1143;2307707
Maranhão;Lago dos Rodrigues;Hospital Raimundo Joaquim de Sousa;Avenida Francisco Tomé;Indisponível;2901110
Maranhão;Lagoa do Mato;Unidade Mista de Saúde de Lagoa do Mato;Rua São Francisco;(99) 3492-1140;7869878
Maranhão;Lago da Pedra;Hospital Municipal Professor Serra de Castro;Rua Senador Vitorino Freire, 001 - Centro;(99) 99120-9631;2696029
Maranhão;Lagoa Grande do Maranhão;Hospital Municipal José Vieira de Melo;Avenida 01 de Maio;Indisponível;7982291
Maranhão;Lima Campos;Hospital Municipal Lima Campos;Avenida 15 de Janeiro, S/N - Centro;Indisponível;2656159
Maranhão;Loreto;Unidade Mista Nanu Costa;Av. Rio Balsas, S/N - Bairro Santa FÉ;(99) 98105-7644;2646633
Maranhão;Magalhães de Almeida;Hospital de Magalhães de Almeida;Rodoviária MA 110 KM 01, S/N - Centro;Indisponível;2309513
Maranhão;Matões;Hospital Municipal Divino Espírito Santo;Rua 15 de Novembro, S/N - Centro;(99) 98816-3597;2702703
Maranhão;Mata Roma;Hospital Municipal Thalles Ribeiro Gonçalves;Av. Raimundo Vieira de Almeida, S/N - Centro;Indisponível;2460017
Maranhão;Matinha;Hospital Municipal Dr Afonso Matos;MA 014, S/N - Centro;Indisponível;2461005
Maranhão;Marajá do Sena;Unidade Básica Afonso Cordeiro;Av. Deputado Raimundo Leal, s/n - Centro;Indisponível;2462869
Maranhão;Milagres do Maranhão;Hospital Municipal Cel. Francisco Domingos Lopes;Rua Macatrão, S/N - Centro;Indisponível;2311356
Maranhão;Mirador;Hospital Municipal Raimundo Borba Galvão;Av. Central, S/N - Muricoca;(99) 9987-2393;2461838
Maranhão;Morros;Hospital Regional de Morros;Av. Principal, Bairro do Coelho, S/N;(98) 98755-6753;6871747
Maranhão;Montes Altos;Hospital Casa Alivio do Sofrimento;Praça de Santana;Indisponível;2702681
Maranhão;Monção;Hospital Regional de Monção;Rua da Jaqueira;Indisponível;7321252
Maranhão;Nina Rodrigues;Hospital Municipal Prefeita Madalena Braga;Av. Diortinio Sampaio de Castro, S/N - Centro;(98) 3465-1274;2655918
Maranhão;Nova Colinas;Unidade Mista Casa de Saude Nossa Senhora Santana;Praça Nossa Senhora Santana - Centro;(99) 98213-5211;2655837
Maranhão;Olinda Nova do Maranhão;Centro de Saúde Candida Silva Rego;Av. José Sarney, S/N - Centro;Indisponível;2645424
Maranhão;Paço do Lumiar;Hospital Municipal Cristino Ananias de Oseas da Mota Cutrim;Centro;(98) 3359-2205;3028593
Maranhão;Passagem Franca;Hospital Municipal Prefeito Afonso Costa;Rua 15 de novembro, 10 - Centro;Indisponível;2613751
Maranhão;Paulino Neves;Hospital José Ferreira dos Reis;MA 315;Indisponível;6847579
Maranhão;Palmeirândia;Hospital Municipal Padre Bento Dominici;Av. Fernando Viana;Indisponível;7496788
Maranhão;Parnarama;Hospital Municipal São Domingos;Av. Vitorino Freire, S/N;(99) 98410-6346;2454750
Maranhão;Paraibano;Unidade Basica de Saúde Darcy Furtado;Rua Trancredo Neves, S/N - Vila Aparecida;Indisponível;2682826
Maranhão;Pastos Bons;Hospital Municipal Dr. Theoplistes Teixeira Filho;Praça Gonçalves Dias, S/N - Centro;(99) 98824-4758;2458470
Maranhão;Pedreiras;Hospital Municipal Geral e Maternidade de Pedreiras;Av. Rio Branco, 732 - Centro;(99) 98153-0049;2452952
Maranhão;Pedro do Rosário;Hospital Pedro Cunha Mendes;Av. Pedro Cunha Mendes, S/N - Centro;Indisponível;2464268
Maranhão;Peritoró;Hospital Regional de Peritoró;Av. da Rodoviária BR 316, S/N - Centro;(99) 98163-3111;7077378
Maranhão;Penalva;Hospital Municipal Jesus de Nazaré;Rua Satu Bello, S/N - Centro;(98) 98460-8616;2454947
Maranhão;Presidente Juscelino;Hospital Municipal Santo Antonio;Rua Elpídio Silvino Alves, S/N - Centro;(98) 98913-5813;2307049
Maranhão;Pindaré-Mirim;Hospital e Maternidade José Sarney;AV ELIAS HAICKEL;(98) 3654-2629;2461285
Maranhão;Pio XII;Hospital Municipal de Pio XII;Rua Juscelino Kubstchek, S/N - Centro;(98) 99126-9123;2451425
Maranhão;Presidente Dutra;Hosp. Macrorregional de Urgência e Emergência de Presidente Dutra (SOCORRÃO);Rua Honorato Gomes, S/N - Centro;(98) 99146-5915;6483089
Maranhão;Presidente Vargas;Hospital Municipal Carlos Vidal da Silva;Av. Pio XII, S/N - Centro;(98) 98467-1206;2655969
Maranhão;Pinheiro;Hospital Reginal Dr Antenor Abreu;Maria Pinheiro Paiva, S/N - Aantigo Aeroporto;(98) 98558-5869;2310511
Maranhão;Pirapemas;Hospital Geral Gertrudes Melo Martins;Rua Newton Belo, S/N - Centro;(98) 3466-1115;2702711
Maranhão;Poção de Pedras;Hospital Municipal Agostinho Cruz Marques;Rua Manoel Maximo, 104 - Centro;(99) 98442-0827;2308061
Maranhão;Porto Franco;Hospital e Maternidade Aderson Marinho;Rua Marechal Hermes, S/N - Centro;(99) 3571-2600;2307154
Maranhão;Porto Rico do Maranhão;Unidade Mista Onias Santos Pinheiro;Av. Lucimar Correa Mendes, 13 - PQ Betel;(98) 3404-1110;2464225
Maranhão;Riachão;Hospital Municipal de Riachão;Rua Coelho Parede;(99) 3531-0933;2460963
Maranhão;Rosário;Hospital Municipal de Rosário;Av. Eurico Macedo, S/N - Centro;(98) 98258-4093;2646358
Maranhão;Satubinha;Hospital Municipal Antonio Rocha Martins;Rua Cesario Fhad, 530 - Centro;(98) 98459-6128;2531836
Maranhão;Santa Inês;Hospital Municipal Santa Inês;Av. Marechal Castelo Branco, 2818 - Laranjeira;(98) 99904-0406;2772299
Maranhão;Santa Helena;Hospital Santa Helena;Travessa Manoel Pavão Dias;Indisponível;6463045
Maranhão;Santa Luzia;Hospital Municipal Pedro dos Reis Fernandes;Av. Nagib Haickel, S/N - Centro;(98) 98115-8648;2459477
Maranhão;Santa Quitéria do Maranhão;Hospital Municipal Dr. Zeca Moreira;Av Hermelinda Pedrosa, S/N - Centro;(98) 98840-5586;2465655
Maranhão;Santana do Maranhão;Hospital Antonia Valentim Gomes;Av. Governadora Roseana Sarney;Indisponível;7401655
Maranhão;São Bento;Hospital Municipal São Bento;Rua Felipe Conduru, S/N - Centro;(98) 3381-1815;2460831
Maranhão;São Bernardo;Hospital Municipal Felipe Jorge;Av 034 KM 03, S/N - Abreu;(98) 98563-9958;2451565
Maranhão;São Luís;Hospital de Urgência e Emergência Dr. Clementino Moura (Socorrão II);Avenida Tancredo Neves (Estrada da Mata), 3685;(98) 3212-2701;2308800
Maranhão;São Luís;Hospital Municipal Djalma Marques (Socorrão 1);Rua do Passeio, S/N - Centro;(98) 3212-8340;2308762
Maranhão;São Félix de Balsas;Hospital Municipal de São Felix de Balsas;Av. Senador Alexandre Costa, S/N - Centro;(99) 98832-9647;2463946
Maranhão;São Francisco do Maranhão;Hospital Municipal Dr Luiz Gonzaga Martins;Rua Hermes Viana, S/N - Centro;(86) 99968-2668;2457512
Maranhão;São Pedro da Água Branca;Hospital Municipal de São Pedro da Agua Branca;Rua do SESP, 01 - Centro;(99) 98439-9483;2646366
Maranhão;São Raimundo das Mangabeiras;Unidade de Saude de São Raimundo Nonato;Rua Tenente Rosa, S/N - Centro;(99) 3547-8822;2646617
Maranhão;São Mateus do Maranhão;Hospital Municipal de São Mateus;Av. Rodoviaria, S/N - Centro;Indisponível;2646544
Maranhão;São Domingos do Maranhão;Hospital Municipal Dr Carlos Macieira;Travessa 22 de abril;Indisponível;2461277
Maranhão;São José dos Basílios;Hospital Geral de Saúde Luis Ferreira de Sousa;Travessa Odilon, s/n - Centro;Indisponível;2457342
Maranhão;São Benedito do Rio Preto;Hospital Municipal Cassiana Sousa Magalhaes;Rua 25 de Maço, S/N - Centro;(98) 98535-6243;8013659
Maranhão;São João dos Patos;Hospital Regional Celso Rocha Santos;Rua Joaquim Tavora, S/N - Cajazeiras;(99) 93551-2384;2457156
Maranhão;Pedro do Rosário;Hospital Amancio Coutinho;Rua Antonio Felizmino;Indisponível;7628749
Maranhão;São João do Caru;Hospital Municipal de São João do Caru;Rua do Comércio;Indisponível;2465108
Maranhão;São João Batista;Hospital Geral José Maria dos Santos Jacinto;Rua Cristovão Cavalcante, S/N - Centro;(98) 98476-0611;2460432
Maranhão;São Domingos do Azeitão;Hospital Municipal Rita Frca dos Santos Mãe Rita;Rua da Assembleia, 10 - Centro;Indisponível;2465027
Maranhão;São João do Paraíso;Hospital Municipal Joca Chaves;Rua 25 de Dezembro;Indisponível;7597843
Maranhão;São Vicente Ferrer;Hospital Agostinho dos Santos Jacinto;Av. Getulio Vargas, S/N - Centro;(98) 98117-6713;2450453
Maranhão;Senador Alexandre Costa;Hospital Municipal Maria José Machado;Rua Conego Aderson, S/N - Centro;(99) 98481-2163;2461625
Maranhão;Sítio Novo;Hospital Municipal Frei Alberto Beretta;Rua Ana Gomes Diniz, S/N - Loteamento Leotino;(99) 98159-8700;2646595
Maranhão;Sucupira do Norte;Hospital Municipal Augusto de Sousa Milhomem;Rua Nova, 123 - Centro;(99) 99202-3225;2655896
Maranhão;Sucupira do Riachão;Hospital Mestre Alberto Leite de Sousa;Rua Lagoa do Mato, S/N - Centro;(99) 3553-1010;7006462
Maranhão;Tasso Fragoso;Hospital Irma Maria Paes Tavares;Rua Sol Nascente, S/N - Bairro São José;(99) 98191-1240;2646471
Maranhão;Timbiras;Hospital Geral de Timbiras;Rua da Mangueira, S/N - Anjo da Guarda;(99) 98156-5777;7202253
Maranhão;Timon;UPA Timon;Rua São Sebastião, S/N - Santo Antonio;Indisponível;6928331
Maranhão;Timon;Hospital Dr Jose Firmino de Sousa;Rua 10, S/N - Parque Alvorada;(99) 3212-9203;2451999
Maranhão;Tutóia;Hospital Municipal Lucas Veras;Rua Celso Veras, 20 - Centro;(98) 98828-6421;2462214
Maranhão;Turiaçu;Hospital Municipal de Turiaçu;Av. Santos Dumont, S/N - Santa Terezinha;Indisponível;2462184
Maranhão;Tuntum;Hospital das Clínicas do Município de Tuntum;Rua 15 de Novembro, 318 - Centro;(99) 99149-1403;6553567
Maranhão;Tufilândia;Hospital Municipal de Tufilandia Santa Terezinha;Rua das Orquídeas, S/N - Bairro Novo;(98) 98866-5989;7247583
Maranhão;Urbano Santos;Hospital Municipal Edir Melo;Rua do Sol, S/N - Centro;(98) 3461-1824;2464454
Maranhão;Vargem Grande;Hospital Municipal Benito Mussoline de Sousa;Praça da Bandeira, 008 - Centro;(98) 99153-2509;2459620
Maranhão;Vila Nova dos Martírios;Hospital e Maternidade Nossa Senhora da Penha;Rua Presidente Mendes, S/N - Centro;Indisponível;2457571
Maranhão;Vitória do Mearim;Centro de Saúde João Firmino Vaz;Rua da Caixa;Indisponível;2455714
Maranhão;Vitorino Freire;Hospital Municipal Dr Francisco Ribeiro Dr Chicão;Rua Eugênio Barros;Indisponível;2530473
Maranhão;Viana;Hospital Regional Antonio Hadade;Rua Antonio Lopes, 883 - Centro;(98) 3351-1321;2454475
Maranhão;Zé Doca;Hospital Muncipal SESP;Praça da Metereologia, 465 - Vila Barroso;(98) 98123-4095;2465469
Mato Grosso do Sul;Água Clara;Hospital Municipal N. Senhora Aparecida;Rua Francisco Vieira, 17 - Nova Água Clara;(67) 3239-2664;2371618
Mato Grosso do Sul;Alcinópolis;Hospital Averaldo Fernandes Barbosa;Avenida Averaldo Fernandes Barbosa, 970 - Centro;(67) 3260-1391;7173113
Mato Grosso do Sul;Amambai;Hospital Regional de Amambaí;Rua José Luis Sampaio Ferraz, 1137 - Centro;(67) 3481-1845;2558459
Mato Grosso do Sul;Anaurilândia;Hospital Sagrado Coração de Jesus;Rua São João Calábra, 1044 - Centro;(67) 3445-1140;2376652
Mato Grosso do Sul;Angélica;Unidade Mista de Saúde de Angélica;Avenida Mário Carrato, 1575 - Portal do Sol;(67) 3446-1606;7192657
Mato Grosso do Sul;Antônio João;Hospital Municipal Dr. Altair de Oliveira;Rua Verônica Oliveira Vieira, 540 - Vila Nova;(67) 3435-1222;2376806
Mato Grosso do Sul;Aparecida do Taboado;Fundação Hospitalar Enfermeiro Pedro Francisco Soares;Rua Duque de Caxias, 3460 - Vila Barbosa;(67) 3565-1777;7456530
Mato Grosso do Sul;Aquidauana;Hospital da Cidade;Rua Manoel Antônio Paes Barros, 1424 - Guanandy;(67) 3241-3636;2659417
Mato Grosso do Sul;Aral Moreira;Hosp. e Maternidade Santa Luzia;Avenida Mato Grosso do Sul, 270 - Centro;(67) 3488-1133;2558300
Mato Grosso do Sul;Bandeirantes;Unidade Mista João Carneiro de Mendonça;Rua Afonso Pena, s/n - Centro;(67) 3261-1212;2371138
Mato Grosso do Sul;Bataguassu;Santa Casa de Bataguassu;Avenida Dias Barroso, 220 - Centro;(67) 3541-3372;2371782
Mato Grosso do Sul;Bela Vista;Hospital São Vicente de Paula;Rua Aldemar Soares Rocha, 616 - Centro;(67) 3439-1222;2376458
Mato Grosso do Sul;Bodoquena;Hospital Municipal Francisco Sales;Rua José Manoel Ferreira, 120 - Vila Planalto;(67) 3268-1225;2375990
Mato Grosso do Sul;Bonito;Hospital João Bigaton;Rua São Pedro Apóstolo, 201 - Jardim Andreia;(67) 3255-3455;2376474
Mato Grosso do Sul;Brasilândia;Hospital Júlio Maia;Rua Hélio Martines Jr., 1060 - Centro;(67) 3546-1295;2371065
Mato Grosso do Sul;Caarapó;Hospital São Mateus;Avenida XV de Novembro, 566 - Centro;(67) 3453-2500;2376091
Mato Grosso do Sul;Camapuã;Sociedade de Proteção Mat. e Infância de Camapuã;Rua dos Jesuítas, 594 - Centro;(67) 3286-1222;2536587
Mato Grosso do Sul;Campo Grande;Hosp Regional de Mato Grosso do Sul (HRMS);Rua Eng. Luthero Lopes, 36 - Aero Rancho V;(67) 3378-2500;0009725
Mato Grosso do Sul;Caracol;Hospital Beneficente Rita Antônia Maciel Godoy;Rua Baldomero Coenga, 474 - Centro;(67) 3495-1376;2599996
Mato Grosso do Sul;Cassilândia;Santa Casa de Cassilândia;Rua Pedro Pereira Almeida, 391 - Centro;(67) 3562-1154;2375680
Mato Grosso do Sul;Chapadão do Sul;Hospital Municipal de Chapadão do Sul;Avenida 16, 1084 - Centro;(67) 2536-293;2536293
Mato Grosso do Sul;Coronel Sapucaia;Hosp. Mun. Aparecido Vidal Garcia;Rua Luís Soligo, s/n - Jardim do Lago;(67) 3483-1086;2376776
Mato Grosso do Sul;Corumbá;Santa Casa de Corumbá;Rua XV de Novembro, 854 - Centro;(67) 3231-2441;2376334
Mato Grosso do Sul;Costa Rica;Fundação Hospitalar de Costa Rica;Avenida José Ferreira da Costa, 2222 - Centro;(67) 3247-6600;2375826
Mato Grosso do Sul;Coxim;Santa Casa de Coxim;Avenida Virgínia Ferreira, 2415 - Flávio Garcia;(67) 3291-3580;2752557
Mato Grosso do Sul;Dois Irmãos do Buriti;Unidade Mista de Dois Irmãos do Buriti;Rua Tomas Trindade, 680 - Centro;(67) 3243-1248;2375966
Mato Grosso do Sul;Dourados;Hospital da Vida;Rua Toshinobu Katayama, 949 - Jardim Caramuru;(67) 3420-7800;5610044
Mato Grosso do Sul;Fátima do Sul;Hospital da SIAS;Rua Padre José Pascoal Busato, 1170 - O Pioneiro;(67) 3467-1161;2558610
Mato Grosso do Sul;Guia Lopes da Laguna;Hospital Edelmira Nunes Oliveira;Rua 7 de Setembro, 860 - São Miguel;(67) 3269-2132;3249336
Mato Grosso do Sul;Iguatemi;Pronto Atendimento Municipal;Rua Gelson Andrade Moreira, 1003 - Centro;(67) 3471-1123;2482606
Mato Grosso do Sul;Inocência;Hospital e Maternidade de Inocência;Avenida Alexandre Batista Garcia, 627 - Centro;(67) 3574-1396;2536781
Mato Grosso do Sul;Itaporã;Hospital Municipal Lourival Nascimento Silva;Rua José Teixeira Silva, 1115 - Centro;(67) 3451-1240;2651505
Mato Grosso do Sul;Itaquiraí;Hospital São Francisco de Itaquiraí;Rua Senador Antônio Vilela, 550 - Centro;(67) 3476-1152;2536838
Mato Grosso do Sul;Ivinhema;Hospital Municipal de Ivinhema;Avenida Reinaldo Massi, 2432 - Guiray;(67) 3442-2745;2371197
Mato Grosso do Sul;Jateí;Hospital Santa Catarina;Rua Olímpio Jorge Leite, 518 - Centro;(67) 3465-1132;2558408
Mato Grosso do Sul;Juti;Hospital Municipal Santa Luzia;Avenida Sérgio Maciel, 550 - Centro;(67) 3463-1492;2374366
Mato Grosso do Sul;Laguna Carapã;Unidade de Saúde da Família Urbana;Rua João Lourenço Lima, 853 - Centro;(67) 3438-1329;2482541
Mato Grosso do Sul;Miranda;Hospital Municipal Renato Albuquerque Filho;Avenida Nicola Candia, 922 - Jardim Mondego;(67) 3242-2166;3569543
Mato Grosso do Sul;Mundo Novo;Unidade Básica de Saúde Dr. Valdir Pazzoti;Avenida Campo Grande, 1200 - Centro;(67) 3474-1545;2374323
Mato Grosso do Sul;Naviraí;Hospital Municipal de Naviraí;Rua Pelotas, 133 - Centro;(67) 3924-4040;2710498
Mato Grosso do Sul;Nioaque;Unidade Mista Aroldo Lima Couto;Rua Coronel Camisão, s/n - Jardim Ouro Verde;(67) 3236-2667;2676869
Mato Grosso do Sul;Nova Alvorada do Sul;Hospital Municipal Francisca Ortega;Avenida Irineu de Souza Araújo, 641 - Jardim Eldorado;(67) 3456-1804;2558262
Mato Grosso do Sul;Nova Andradina;Fundação Serviços de Saúde de Nova Andradina FUNSAU;Avenida Durval Rodrigues Lopes, 400 - Ipê Branco;(67) 3441-5050;2371243
Mato Grosso do Sul;Paranaíba;Santa Casa de Misericórdia de Paranaíba;Rua João Ponce de Arruda, 2383 - Centro;(67) 3668-1256;2375850
Mato Grosso do Sul;Pedro Gomes;Hospital Municipal de Pedro Gomes;Rua Nicanor Fernandes Moura, 128 - Centro;(67) 3230-1301;2376946
Mato Grosso do Sul;Ponta Porã;Hospital Regional Dr. José de Simone Netto;Rua Baltazar Saldanha, 1501 - Centro;(67) 3926-6779;2651610
Mato Grosso do Sul;Porto Murtinho;Hospital Municipal Oscar Ramires Pereira;Rua Joaquim Murtinho, 436 - Centro;(67) 3287-1002;2710447
Mato Grosso do Sul;Ribas do Rio Pardo;Hospital 19 de Março;Rua Júlio Viana, 270 - Santos Dumont;(67) 3238-1259;2536935
Mato Grosso do Sul;Rio Brilhante;Hospital e Maternidade de Rio Brilhante;Avenida Lourival Barbosa, 1396 - Centro;(67) 3452-7378;4068823
Mato Grosso do Sul;Rio Negro;Hospital e Maternidade Idimaque Paes Ferreira;Rua Boa Vista, 125 - Bairro Alto;(67) 3278-1819;2710455
Mato Grosso do Sul;Rio Verde;Hospital Geral Paulino Alves da Cunha;Rua Semíramis Duailibi, 170 - Tupinambás;(67) 3292-1308;2374439
Mato Grosso do Sul;São Gabriel d'Oeste;Hospital Municipal José Valdir Antunes de Oliveira;Rua João Evangelista Rosa, 1156 - Centro;(67) 3295-3206;2659603
Mato Grosso do Sul;Selvíria;Hospital Municipal Santa Rita de Cássia;Rua Rui Barbosa, s/n - Centro;(67) 3579-1340;2612135
Mato Grosso do Sul;Sidrolândia;Hospital Municipal de Sete Quedas / Sociedade Beneficente;Rua Distrito Federal, 490 - Centro;(67) 3272-1424;2370816
Mato Grosso do Sul;Sonora;Hospital Rachid Saldanha Derzi;Rua 3 de Junho, 78 - Centro;(67) 3254-2606;2361027
Mato Grosso do Sul;Tacuru;Hospital Municipal São Sebastião;Avenida José de La Paz Ortiz, 529 - Centro;(67) 3478-1591;2376873
Mato Grosso do Sul;Taquarussu;Unidade Mista Sagrado Coração Jesus;Rua Prof. Nahir Nogueira, 567 - Centro;(67) 3444-1313;2376547
Mato Grosso do Sul;Três Lagoas;Hospital Nossa Senhora Auxiliadora;Avenida Rosário Congro, 1533 - Colinos;(67) 2105-3500;2756951
Mato Grosso;Água Boa;Hospital Regional de Saúde;R. Dezesseis, 150 - Centro;(66) 3468-1246;2473046
Mato Grosso;Alta Floresta;Hospital Regional de Saúde Albert Sabin;Av. Arosto da Riva, 1933;(66) 3521-0400;2471345
Mato Grosso;Alto Araguaia;Hospital Municipal de Alto Araguaia;Rua Severino Botelho de Melo - Centro;(66) 3481-2715;2396998
Mato Grosso;Alto Boa Vista;Unidade de Saúde da Família Alto da Boa Vista;Avenida Sebastiana Pereira Passarinho, s/n - Setor Vila Real;(66) 98441-1651;2654679
Mato Grosso;Alto Garças;Unidade de Pronto Atendimento;Avenida Coronel Cajango, n.º 1399 - Centro;(66) 3471-2071;2396335
Mato Grosso;Alto Paraguai;Unidade de Pronto Atendimento;Av. Almirante Barroso, s/n - Bairro Bela Vista;(65) 99236-7528;7502664
Mato Grosso;Alto Taquari;Hospital Municipal;Rua Vereador Martins Cardoso, n.º 150 - Centro;(66) 3496-1682;2397056
Mato Grosso;Apiacás;Hospital Municipal;Av. Jaime Campos, N.º 954 - Bairro Bom Jesus;(66) 3593-1610;2471590
Mato Grosso;Araguaiana;Unidade de Pronto Atendimento;Rua Travessa da Saúde;(66) 98128-2962;7257155
Mato Grosso;Araguainha;Centro de Saúde José Agostinho de Souza;Avenida Araguaia, s/n - Centro;(66) 3476-1210;2396238
Mato Grosso;Araputanga;Hospital Geral e Maternidade;Rua Rui Barbosa, 228;(65) 3261-1200;2752611
Mato Grosso;Arenápolis;Unidade de Pronto Atendimento;Rua Glicerio Martins Pinto, 507 - Centro;(65) 99917-7987;7774516
Mato Grosso;Aripuanã;Hospital Municipal Santo Antônio;Manoel Luiz Abreu, 941;(66) 3565-1473;4069099
Mato Grosso;Barra do Bugres;Unidade de Pronto Atendimento;Av. Presidente Castelo Branco, 470 - Centro;(65) 99638-8150;9204970
Mato Grosso;Barra do Garças;Unidade de Pronto Atendimento;Rua 10 - Setor Industrial;(66) 3401-9163;7761929
Mato Grosso;Bom Jesus do Araguaia;Unidade de Pronto Atendimento;R. Garcez - Centro;(66) 98127-7601;7889046
Mato Grosso;Brasnorte;Hospital Municipal de Brasnorte;Rua Cascavel, 930 - Centro;(66) 3592-1990;2471795
Mato Grosso;Cáceres;Unidade de Pronto Atendimento;Av. Getulio Vargas, 1290;(65) 3223-2944;359734
Mato Grosso;Cáceres;Hospital Regional;Av. Getúlio Vargas, 1670;(65) 3706-2300;2534460
Mato Grosso;Campinápolis;Hospital Municipal Dr. Regis;Rua Bandeirantes, s/n - Cristalino;(66) 98116-9771;2395479
Mato Grosso;Campo Novo do Parecis;Unidade de Pronto Atendimento;Av. Mato Grosso - Centro;(65) 99636-6462;9204970
Mato Grosso;Campo Verde;Hospital Coração de Jesus;Av. Mato Grosso, n.º 355;(66) 3419-4571;2396106
Mato Grosso;Campos de Júlio;Hospital Municipal Leocyr Lazarete;Rua Volmir Taborda Câmara, 341 - Centro;(65) 3387-6100;2394324
Mato Grosso;Canarana;Hospital Municipal;Avenida Santa Catarina, s/n - Centro;(66) 3478-1666;7768400
Mato Grosso;Carlinda;Pronto Atendimento Municipal Martinez;Rua das Paineiras, s/n - Centro;(66) 3525-2022;9963677
Mato Grosso;Chapada dos Guimarães;Unidade de Pronto Atendimento;Rua dos Aricas, 243 - Santa Cruz;(65) 3301-1116;9828958
Mato Grosso;Cláudia;Hospital Dona Nilza de Oliveira Pipino;Av. Gaspar Dutra, 594;(65) 3546-1390;2398443
Mato Grosso;Cocalinho;Hospital Municipal;Av. Araguaia, s/n - Centro;(66) 3586-1198;2472783
Mato Grosso;Colíder;Hospital Regional;Rua Machado de Assis, s/n - Nossa Senhora Guia;(66) 3541-6100;2392410
Mato Grosso;Colniza;Hospital Municipal André Maggi;Av. Mato Grosso, s/n - Centro;(66) 3571-1136;2395274
Mato Grosso;Comodoro;Hospital das Clínicas;Rua Rio de Janeiro, 178 - Tertúlio;(65) 3283-1290;3574261
Mato Grosso;Confresa;Hospital Municipal de Confresa;Rua Camilo Lorscheiter, n.º 1 - Centro;(66) 3564-1080;102407
Mato Grosso;Cotriguaçu;Hospital Municipal;Rua Geneci Castanha - Centro;(66) 3555-1234;2392968
Mato Grosso;Cuiabá;CIATOX - Centro de Informação e Assistência Toxicológica - Hospital Municipal;Rua Orivaldo M. De Souza, s/n - Ribeirão do Lipa;0800 722 6001;9209352
Mato Grosso;Diamantino;Unidade de Pronto Atendimento;Av. Irmão Abib, s/n;(65) 3336-2586;6248357
Mato Grosso;Dom Aquino;Hospital Bom Jesus;Rua Marechal Deodoro, 431 - Centro;(66) 3451-1173;2396343
Mato Grosso;Gaúcha do Norte;Hospital Municipal;Rua Mato Grosso, s/n - Centro;(66) 9211-6085;2391163
Mato Grosso;General Carneiro;Hospital Municipal Bonifácio Ribeiro Vilela;Rua Rachid Jaude Mamede, 1.000 - Centro;(66) 99203-9873;2395398
Mato Grosso;Guarantã do Norte;Hospital Municipal Nossa Senhora do Rosário;Av. Dante Martins de Oliveira, N° 555 - Cidade Nova;(66) 3552-1675;2392046
Mato Grosso;Guiratinga;Hospital Oswaldo Cruz;Rua 05, 136 - Jardim Primavera;(66) 3431-1500;2397609
Mato Grosso;Itaúba;Fundação Hospitalar de Saúde Municipal;Av. Tiradentes, 295;(66) 3561-1200;2534010
Mato Grosso;Itiquira;Unidade de Pronto Atendimento;Rua das Andorinhas, s/n - Distrito de Ouro Branco do Sul;(65) 3492-1039;5883423
Mato Grosso;Itiquira;Hospital Municipal Osnir Bortolini;Avenida 13 de Maio, 500 - Centro;(65) 3491-1364;2395916
Mato Grosso;Jaciara;Hospital Municipal;Rua Guaicurus, 1165 - Centro;(66) 3461-1690;3269728
Mato Grosso;Jauru;Hospital Municipal;Rua Dom Pedro, s/n - Centro;(65) 3244-1048;2394723
Mato Grosso;Juruena;Hospital Municipal Elida Machiotto Santiago;Rua João Pessoa - Centro;(66) 3556-3171;23922704
Mato Grosso;Juína;Unidade de Pronto Atendimento;Rua das Andorinhas, s/n - Modulo 04;(66) 3566-2009;7050577
Mato Grosso;Juruena;Hospital Municipal de Juruena Renilda de Fátima de Morais;Travessa Lucinda Kniess, 20 - Centro;(66) 98432-4599;2392895
Mato Grosso;Juscimeira;Hospital Municipal Johannes Berthold Henning;Rua Miguel Pereira de Souza, 180 - Cajus;(66) 3412-1062;2396092
Mato Grosso;Lucas do Rio Verde;Hospital São Lucas;Avenida Brasil, 120 - Rio Verde;(65) 3548-4000;2376768
Mato Grosso;Luciara;Centro de Saúde;Rua D, S/N - Setor Universitário;(66) 98420-2682;2311488
Mato Grosso;Marcelândia;Hospital Maria Zélia;Rua Jose Severino de Moura;(66) 3536-1825;8013926
Mato Grosso;Matupá;Hospital Municipal;Rua 01, n.º 24 - Centro;(66) 99292-1247;2391724
Mato Grosso;Mirassol D'Oeste;Hospital Samuel Greve;Av. Tancredo Neves, 3563 - Centro;(65) 99932-4914;7254628
Mato Grosso;Nobres;Hospital e Maternidade Laura de Vicuna;Av. Juscelino Kubistchek, 669 - Centro;(65) 3376-2812;2802473
Mato Grosso;Nortelândia;Unidade de Pronto Atendimento;Rua Domingos de Deus da Silva, 1150 - Centro;(65) 3346-1776;71773
Mato Grosso;Nova Bandeirantes;Hospital Municipal;Avenida Comendador Luís Meneguel;(66) 98412-1372;2471605
Mato Grosso;Nova Maringá;Unidade Pronto Atendimento;Rua Getúlio Vargas - Jardim América;(66) 98105-6557;5146437
Mato Grosso;Nova Monte Verde;Unidade Mista de Saúde Inácio Konopka;Av. Manoel Rodrigues de Souza, s/n - Centro;(66) 3597-1272;2471205
Mato Grosso;Nova Mutum;Hospital Regional Hilda Strenger Ribeiro;Avenida Arapongas, 815 - Jd. das Orquídeas;(65) 3308-3129;901725
Mato Grosso;Nova Nazaré;Unidade de Saúde Nova Nazaré;Rua Dr. Leonardo Oliveira Borges;(66) 3467-1061;2699354
Mato Grosso;Nova Olímpia;Unidade Mista de Saúde Fernando Antônio de Morais;R. Amazonas, 501 - Centro;(65) 99617-2547;2472376
Mato Grosso;Nova Ubiratã;Centro de Saúde Nova Ubiratã;Rua Rene Murad, 141;(66) 3579-1162;265463
Mato Grosso;Nova Xavantina;"Hospital Municipal de Nova Xavantina ""Dr Laércio Oliveira Morais""";Rua Francisco Lima, 416 - Jd. Alvorada;(66) 3438-2462;2395428
Mato Grosso;Novo Santo Antônio;Centro de Saúde;Rua Antônio Zacarias de Souza, s/n;(66) 3548-1165;2311658
Mato Grosso;Novo São Joaquim;Hospital Municipal Maria Dolores Tejarda Jordão;Av. Triel Pereira Silva, esq c/ r. 05, s/n - Jardim Palmeira;(66) 3479-1668;2395509
Mato Grosso;Paranaíta;Hospital Municipal Alipio Candido da Silva;Av. Maria Eliza Miyazima, s/n;(66) 3563-1600;2471604
Mato Grosso;Paranatinga;Hospital Municipal Irmã Teodora;Avenida Brasil, 1230 - Centro;(66) 3573-1333;2390949
Mato Grosso;Pedra Preta;Hospital Luciana Martins Amorim;Av. Ponce de Arruda, 485;(66) 3486-2354;2396246
Mato Grosso;Peixoto de Azevedo;Hospital Regional de Saúde;Rua Bartolomeu Dias, s/n - Alvorada;(66) 3575-1017;2699842
Mato Grosso;Poconé;Unidade de Pronto Atendimento;Rua Cid Nunes da Cunha, s/n;(65) 3345-1475;2795752
Mato Grosso;Ponte Branca;Hospital Municipal Bom Jesus;Rua Presidente Dutra, N.º 301 - Centro;(66) 99978-4480;2395592
Mato Grosso;Pontes e Lacerda;Hospital Vale do Guaporé;R. Antônio Bento Neto - Centro;(65) 3266-2056;2752654
Mato Grosso;Poxoréu;Unidade de Pronto Atendimento;Av. Brasil, s/n - Vila Cruzeiro;(66) 3436-1313;7188056
Mato Grosso;Primavera do Leste;Unidade de Pronto Atendimento;Avenida Coxilha, s/n;(66) 3498-2010;9112529
Mato Grosso;Querência;Hospital Municipal;Rua Lucas Gorgen - Setor A;(66) 3529-1140;4070070
Mato Grosso;Reserva do Cabaçal;PSF Adalto Ribeiro;Rua Jose Leonidio Cesario;(65) 98419-6506;2393913
Mato Grosso;Ribeirãozinho;Hospital Municipal Nossa Senhora da Abadia;Rua Dom Pedro I, n.º 1.064;(66) 3415-1166;2395452
Mato Grosso;Rio Branco;Hospital Municipal;Av. 7 de Setembro, 810 - Cidade Alta;(65) 99978-1830;2394782
Mato Grosso;Rondolândia;Centro de Saúde;Rua Rio Madeirinha, s/n - Centro;(66) 99254-6575;2393816
Mato Grosso;Rondonópolis;Hospital da Criança Wilma Bohac Francisco;Rua Osório Machado, 720 - Jd. Santa Marta;(66) 3421-2543;3028925
Mato Grosso;Rondonópolis;Unidade de Pronto Atendimento;Rua São Salvador, s/n - Jd. Santa Marta;(66) 3411-4343;3028925
Mato Grosso;Rondonópolis;Santa Casa de Rondonópolis;Rua Acyr de Rezende Souza e Silva, 2107 - Vila Birigui;(66) 3410-2700;2396866
Mato Grosso;Rondonópolis;Hospital Dr. Mário Perrone;Rua Bulgária, s/n;(66) 2101-7672;9867635
Mato Grosso;Rosário Oeste;Unidade de Pronto Atendimento;Rua Marechal Deodoro da Fonseca, 925 - Centro;(65) 3356-1984;2655780
Mato Grosso;Salto do Céu;Hospital Municipal;Rua Espirito Santo, s/n - Centro;(65) 3233-1318;2394189
Mato Grosso;Santo Antônio do Leste;Centro de Saúde Municipal de Santo Antônio do Leste;Rua das Flores, 677 - Novo Campo;(66) 99242-9596;796796
Mato Grosso;São Félix do Araguaia;Hospital Municipal Prefeito João Abreu Luz;Rua Saudade, s/n - Vila São José;(66) 3522-2154;2604426
Mato Grosso;São Félix do Araguaia;Unidade de Saúde Espigão do Leste;Avenida Três Pontas, s/n - Distrito Espigão do Leste;(66) 3522-1056;2392577
Mato Grosso;São José do Povo;Centro de Saúde de São José;Rua Castelo Branco, s/n - Centro;(66) 3494-1123;2397145
Mato Grosso;São José do Rio Claro;Hospital Municipal;Rua São Jorge, 688;(65) 3386-1953;3142663
Mato Grosso;São José dos Quatro Marcos;Unidade de Pronto Atendimento;Rodovia MT 339 km - Perímetro urbano;(65) 99649-7743;7216009
Mato Grosso;Sapezal;Casa de Saúde de Santa Marcelina;Avenida Piramboia, 960 - Centro;(65) 98459-8100;9659366
Mato Grosso;Serra Nova do Norte;Centro de Saúde;Rua Açai, s/n - Serra Nova Dourada;(66) 98414-2378;2311593
Mato Grosso;Sinop;Hospital Regional Jorge de Abreu;Rua das Caviunas, 1759;(66) 3511-9900;6085423
Mato Grosso;Sorriso;Hospital Regional;Av. Porto Alegre, 3125;(66) 3907-7100;2795655
Mato Grosso;Tabaporã;Hosp. Municipal Dr Carlos Vidodto;Rua Tancredo Neves, 1060, bloco - 1;(66) 99217-3124;2392801
Mato Grosso;Tangará da Serra;Unidade de Pronto Atendimento;Rua Cinquenta - Jardim Europa;(65) 99289-7119;9019227
Mato Grosso;Terra Nova do Norte;Hospital Municipal;Av. Mato Grosso, 276 - Centro;(66) 99605-5954;2391996
Mato Grosso;Tesouro;Hospital e Maternidade São Lucas;R. Dr. Humberto Marcílio, 158 - Centro;(66) 3435-1191;2397501
Mato Grosso;Torixoréu;"Hospital Municipal ""São Lucas""";Rua XV de Novembro, s/nº - Setor Aeroporto;(66) 3406-1222;2395584
Mato Grosso;Várzea Grande;Hospital e Pronto Socorro Municipal de Várzea Grande;Av. Alzira Santana, s/n - Nova Várzea Grande;(65) 3632-8300;2391635
Mato Grosso;Vila Rica;Hospital Municipal de Vila Rica;Av. Perimetral Sul, s/n - Inconfidentes;(66) 3554-1597;7914288
Minas Gerais;Abaeté;Policlínica 24 horas;Rua Deusdedith Alves de Sousa, 710 - Centro;(37) 3541-5377;2126826
Minas Gerais;Água Boa;Hosp. Santana de Água Boa;Rua Felix Couy, n 138 - Centro;(33) 3515-1114;9498796
Minas Gerais;Águas Formosas;Hospital São Vicente de Paulo;Rua Josino Abrantes, s/n - São Vicente;(33) 3508-0818;2183803
Minas Gerais;Águas Vermelhas;Hospital Santa Lúcia;Rua Uberlândia, nº 48 - Panorama;(33) 3755-1201;2139106
Minas Gerais;Aimorés;Hosp. São José São Camilo;Rua Pedro Nolasco, n 01 - Centro;(33) 3267-1573;2102900
Minas Gerais;Além Paraíba;Hospital São Salvador;Rua Dr. Paulo Ladeira Fonseca, 1778;(32) 3465-4366;2122901
Minas Gerais;Alfenas;Hospital Universitário Alzira Velano;Rua Geraldo Freitas Costa, 120 - Centro;(35) 3299-3500;2171988
Minas Gerais;Almenara;Hospital Deraldo Guimarães;Rua Hermano Souza, 549;(33) 3721-1222;2108992
Minas Gerais;Alvarenga;UBS Dr. Paulo Cesar de Miranda;Avenida do Contorno, n 34 - Centro;(33) 3328-1564;2103370
Minas Gerais;Alvinópolis;Hospital Nossa Senhora de Lourdes;Av. Antônio Carlos, 60 - Centro;(31) 3855-1223;2100371
Minas Gerais;Andradas;Sta. Casa da Misericórdia de Andradas;Rua Capitão Cirilo, 668 - Alto Alegre;(35) 3731-1345;2775956
Minas Gerais;Araçuaí;Hospital São Vicente de Paulo;Rua Amazonas, 255 - Nova Terra;(33) 3731-1333;2134276
Minas Gerais;Araguari;Pronto Socorro Municipal;Praça da Constituição, 142 - Centro;(34) 3690-3017;2146126
Minas Gerais;Araporã;Hospital João Paulo II;Praça Dona Valdomira Neves de Ferreira, nº 112 - Centro;(34) 3284-9551;2760916
Minas Gerais;Araxá;Unidade de Pronto Atendimento;Av. João Paulo II, 1900 - Vila Jardim;(34) 3664-5805;9344330
Minas Gerais;Araxá;Unimed;Rua Domingos Di Mambro, 800 - Fertiza;(34) 3601-2000;9324003
Minas Gerais;Arcos;Sta. Casa de Arcos;R. Getúlio Vargas, 118 - Centro;(37) 3359-7230;2168693
Minas Gerais;Arinos;Hospital Nossa Senhora Aparecida;Rua José Gomes Viana, 1200;(38) 3635-1582;2118319
Minas Gerais;Ataléia;Apromia - Hospital de Ataléia;Rua Projetada, s/n;(33) 99836-9621;2178850
Minas Gerais;Bambuí;Hospital Nossa Senhora do Brasil;Rua Dr. Mário Campos, 165 - Centro;(37) 3431-5500;2143852
Minas Gerais;Bandeira;Unidade de Saúde de Bandeira;Rua Professora Arlete Campanha, 01;(33) 3728-1212;2120399
Minas Gerais;Barão de Cocais;Hosp. Mun. Waldemar das Dores;R. Padre Cruz, 242 - Viúva;(31) 3837-7672;2168243
Minas Gerais;Barbacena;Hospital Regional de Barbacena José Américo;Av. 14 de Agosto, s/n - Floresta;(32) 3620-2630;3698548
Minas Gerais;Barbacena;Santa Casa de Misericórdia;Rua Padre Toledo, s/n - São Sebastião;(32) 3339-2400;2138875
Minas Gerais;Belo Horizonte;Hospital João XXIII / FHEMIG;Av. Alfredo Balena, 400 - Santa Efigênia;(31) 3224-4000;2692101
Minas Gerais;Belo Vale;Hospital e Maternidade Henrique Penido;Praça Henrique Penido, s/n - Carijó;(31) 3734-1110;2182610
Minas Gerais;Berilo;Hospital Municipal Nossa Senhora dos Pobres Berilo;R. Padre Pedro Heredes, s/n - São Francisco;(33) 3737-1106;2134292
Minas Gerais;Betim;Hosp. Públ. Reg. Prefeito Osvaldo Franco;Av. Edmeia Matos Lazarotti, 3800 - Brasilia;(31) 3539-8100;2126494
Minas Gerais;Boa Esperança;Pronto Atendimento Municipal de Boa Esperança;Avenida São Vicente de Paula, 707 - Jardim Bela Vista;(35) 3851-8102;4039408
Minas Gerais;Bocaiúva;Hospital Regional de Bocaiúva Dr. Gil Alves;Praça Zico Caldeira, 50 - Centro;(38) 3251-6500;2119471
Minas Gerais;Bom Despacho;Pronto Atendimento Municipal;Praça Irmã Albuquerque, 120 - Centro;(37) 3522-7704;9401946
Minas Gerais;Bom Sucesso;Asilo de Caridade Santa Casa de Bom Sucesso;R. Dr. Aurélio Guimarães, 118 - Centro;(35) 3841-1222;2179628
Minas Gerais;Brasilândia de Minas;Centro de Saúde Sinval Farias de Sá;Rua Lindorifo Batista, 1999 - Contigente;(38) 99866-6548;3873781
Minas Gerais;Brasília de Minas;Hospital Senhora Santana;Av. Bias Fortes, s/n - Dona Joaquina;(38) 3231-1111;2119420
Minas Gerais;Buritis;Unidade Mista de Saúde;Rua São Domingos, 190;(38) 3662-3555;2100525
Minas Gerais;Buritizeiro;Hospital Municipal Prefeito Francisco Gameleira;Rua Josias Carneiro, 531 - Centro;(38) 3742-1024;2205882
Minas Gerais;Cachoeira de Pajeú;Hospital Dr. Otávio Gonçalves;Pça Rui Barbosa, S/Nº;(33) 98456-6431;3102704
Minas Gerais;Caeté;Santa Casa de Misericórdia;Rua Barão Rio Branco, 315 - Centro;(31) 3651-3777;2117312
Minas Gerais;Cambuí;Hospital Ana Moreira Salles;Rua Alcino Salomom, 289;(35) 3431-1120;2128012
Minas Gerais;Capitólio;Sta. Casa da Caridade de Capitólio;Rua Arcemino Rodrigues da Cunha, 244;(37) 3373-1289;2146398
Minas Gerais;Carmópolis de Minas;Santa Casa de Misericórdia;Praça Nossa Sra. do Carmo, 135 - Centro;(37) 3333-1589;2143127
Minas Gerais;Campina Verde;Pronto Atendimento Campina Verde;Av. Três, 537 - Centro;(34) 3412-2655;2121638
Minas Gerais;Campo Belo;Pronto-Socorro Municipal;Rua Polifeno Maia, s/n;(37) 3831-7844;754313
Minas Gerais;Campos Altos;Santa Casa de Misericórdia;Rua Cornélia Alves Bicalho, 731;(37) 3426-2100;2098156
Minas Gerais;Capelinha;Hospital São Vicente de Paulo;Av. Juscelino Kubitschek, 221 - São Geraldo;(33) 3516-1366;2135124
Minas Gerais;Capinópolis;Faepu;Av. 107, 653 - Campos Eliseos;(34) 3218-2529;7201109
Minas Gerais;Caraí;Hospital São João Batista;Rua D. B Freitas, s/n;(33) 99960-9242;2179172
Minas Gerais;Carangola;Casa de Caridade de Carangola;Praça Coronel Joao Marcelino, 26;(32) 3741-6950;2764776
Minas Gerais;Caratinga;UPA;Rua Lamartine, 2 - Centro;(33) 3329-8016;9333754
Minas Gerais;Carbonita;Hospital São Vicente de Paulo;Rua Diamantina, 48 - Liliane;(38) 3526-1244;2135116
Minas Gerais;Carlos Chagas;Hospital Lourenço Westin;R. Frei Teodoro, 290 - Centro;(33) 3624-1317;2178982
Minas Gerais;Carmo do Paranaíba;UPA Adolpho Pereira Resende;Rua Alvorada, 800;(38) 3851-1742;7802951
Minas Gerais;Cataguases;Santa Casa de Misericórdia;Av. Cel. Antônio Augusto Souza Filho, 442 - Sant. Tereza;(32) 3429-4900;2098911
Minas Gerais;Caxambu;Casa de Caridade São Vicente de Paulo;R. Monsenhor João de Deus, 92 - Centro;(35) 3341-7917;2764830
Minas Gerais;Central de Minas;Hospital Jesus Menino;Rua Paulo Pereira Pinto Boechat, Nº 111 - Centro;(33) 99539-5210;2102854
Minas Gerais;Centralina;Hospital Municipal Dr. Darcy Jeronimo Zabiski;Av. do Contorno, 903 - Centro;(34) 3267-1300;2170159
Minas Gerais;Chapada Gaúcha;Unidade Mista José Cardoso de Oliveira;Avenida Tancredo Neves, 480;(38) 3634-1504;6690726
Minas Gerais;Cláudio;Sta. Casa de Misericórdia;Av. Araguaia, 155 - Centro;(37) 3381-1004;2144204
Minas Gerais;Coluna;Hospital Municipal Agostinha Alcantra Aguiar;Rua São João Evangelista, 99 - Centro;(33) 3526-1244;2135884
Minas Gerais;Comercinho;Unidade Básica de Saúde Lauro Rocha;Rua José Joaquim dos Reis, 329 - Centro;(11) 91593-6041;6289770
Minas Gerais;Conceição das Alagoas;Fundação Hospilar João Henrique;Rua Pedro de Lima Chagas, 320 - Centro;(34) 3321-3262;5844843
Minas Gerais;Conceição do Mato Dentro;Hospital Imaculada Conceição;R. José Sena, 214 - Centro;(31) 3868-1583;2134071
Minas Gerais;Congonhas;UPA;Praça Olímpica, 21;(31) 3732-1070;7951604
Minas Gerais;Conquista;Santa Casa de Misericórdia;R. Juquinha Mendonça, 319;(34) 3353-1360;2164493
Minas Gerais;Conselheiro Lafaiete;Policlínica Pronto Atendimento;Av. Mario Rodrigues Pereira, 175 - Centro;(32) 3769-2654;8000956
Minas Gerais;Conselheiro Pena;Hospital Dr. Helcio Valentim;Rua Lajão, 39 - Centro;(33) 3261-3115;2200481
Minas Gerais;Contagem;Hospital Municipal José Lucas Filho;Av. João César Oliveira, 4495 - Cinco;(31) 3352-8827;2200473
Minas Gerais;Coração de Jesus;Hospital Municipal São Vicente de Paula;Rua Gontijo Ribeiro, 899 - Centro;(38) 8426-5359;2205904
Minas Gerais;Coroaci;P. A. Gentil Ferreira Oliveira;Praça Coronel Manoel Laje, 15 - Centro;(33) 98412-7864;6640486
Minas Gerais;Coromandel;Pronto Socorro Municipal;Av. Dr. Humberto Machado, 216 - São Domingos;(34) 3841-3743;2151758
Minas Gerais;Coronel Fabriciano;UPA;Av. Manaim, S/N - Silvio Pereira;(31) 3406-7585;196347
Minas Gerais;Cristais;Hosp. Mun. Santo Antônio;R. Geraldo Luiz de Oliveira, 35 - Centro;(35) 3835-2411;2144255
Minas Gerais;Cruzeiro da Fortaleza;PSF Manoel Joaquim Pereira;Rua 13 de Maio, 565;(34) 3835-1480;2100959
Minas Gerais;Cruzília;Hospital Dr. Cândido Junqueira;Rua Coronel Cornélio Maciel, 101 - Centro;(35) 3346-1212;2761254
Minas Gerais;Curvelo;Pronto Socorro Municipal Dr. Márcio Carvalho Lopes Filho;Avenida Timbiras, 719;(38) 3729-1217;2204762
Minas Gerais;Delfinópolis;Hospital Municipal Elpidio Rodrigues Pinto;Av. Padre Ivo Soares de Matos, 193 - Centro;(35) 3525-1122;6569803
Minas Gerais;Diamantina;Santa Casa de Caridade de Diamantina;Rua da Caridade, 106 - Centro;(38) 3532-1303;2135132
Minas Gerais;Dionísio;Hospital São Sebastiao de Dionísio;Senador Milton Campos, 648 - Centro;(31) 3858-1266;2144514
Minas Gerais;Divino das Laranjeiras;Hosp. Mun. Divino Laranjeiras;Rua São Geraldo, 256 - Centro;(33) 99820-6029;2103222
Minas Gerais;Divinópolis;UPA Padre Roberto;Rua Nilo Maciel, 241 - Ponte Funda;(37) 3221-3707;7469144
Minas Gerais;Divisópolis;Fundação Nossa Senhora d'Ajuda;Avenida Fetaemg, s/n - Centro;(33) 98848-2258;2139081
Minas Gerais;Dom Joaquim;Hospital Nossa Senhora das Graças;Rua Doutor Cassemiro Souza, 85;(31) 3866-1131;2144654
Minas Gerais;Dom Silvério;Hospital Nossa Senhora da Saúde;Rua Santos Tossige, 166 - Campestre;(31) 3857-1350;2100398
Minas Gerais;Dores do Indaiá;Santa Casa de Misericórdia;Praça Alexandre Lacerda Filho, 289 - Centro;(37) 3551-1200;2796767
Minas Gerais;Entre Rios de Minas;Hospital Cassiano Campolina;Praça Cassiano Campolina, 821;(31) 3751-1250;2123487
Minas Gerais;Ervália;Hospital Jorge Caetano de Matos;Pc Jorge Caetano Matos, 13 - Centro;(32) 3554-1919;2161729
Minas Gerais;Espinosa;Fundação Hospitalar do Município de Espinosa;Av. JK, 725 - Santa Tereza;(38) 3812-1995;2105365
Minas Gerais;Estrela do Indaiá;Hospital Municipal de Estrela do Indaiá;Rua Joaquim Alves Belo, 86 - Centro;(37) 3553-1220;2108933
Minas Gerais;Estrela do Sul;Hospital Sebastião Paes de Almeida;Rua Antônio Dias Rosa, 12 - Santa Rita;(34) 3843-1288;2145774
Minas Gerais;Extrema;Hospital e Maternidade São Lucas de Extrema;R. Mauri Bueno de Andrade, 101 - Jardim São Cristóvão;(35) 3435-1333;2127881
Minas Gerais;Felisburgo;Associação de Proteção à Maternidade e Infância de Felisburgo;Av. Brasil, 193 - Centro;(33) 3743-1160;2139146
Minas Gerais;Felixlândia;Centro de Saúde Carlos Gualberto da Fonseca;Rua Senador Lima Guimarães, 827;(38) 3753-1222;2159155
Minas Gerais;Ferros;Hospital São Judas Tadeu;R. Esdras Silveira Soares, 387;(31) 3863-1287;2144522
Minas Gerais;Formiga;Sta. Casa de Misericórdia;R. Dr. Teixeira Soares, 335 - Centro;(37) 3329-1300;2142376
Minas Gerais;Francisco Badaró;Unidade Materno Infantil;Rua do Rosario, 400 - Rosario;(33) 3738-1240;2134535
Minas Gerais;Francisco Sá;Hospital Municipal de Francisco Sá;Av. JK, 360 - João Gonçalves;(38) 3233-2000;2185520
Minas Gerais;Frei Inocêncio;Hospital Municipal São Geraldo;Rua Venâncio Soares Souza, 55 - Pantanal;(33) 3284-1424;5625882
Minas Gerais;Frutal;Hospital Municipal Frei Gabriel;Av. Brasilia, Nº 333;(34) 3421-1600;2181134
Minas Gerais;Galiléia;Pronto Atendimento 24 horas;Rua Berilo, 153 - Centro;(33) 3244-1826;9007296
Minas Gerais;Gouveia;Hospital e Maternidade Aureliano Brandão;Rua Luiz Ponciano, 172 - Centro;(38) 3543-1233;2202883
Minas Gerais;Governador Valadares;Hospital Municipal Governador Valadares;Rua Teófilo Otoni, 361 - Centro;(33) 3271-2578;2222043
Minas Gerais;Grão Mogol;Hospital Afrânio Augusto Figueiredo;Praça São Sebastião, 147 - Centro;(38) 3238-1222;2205866
Minas Gerais;Guanhães;Hospital Regional Imaculada Conceição;Rua Capitão Bernardo, 257 - Centro;(33) 3421-1747;2144530
Minas Gerais;Guapé;Sta. Casa de Misericórdia de Guapé;Rua Dr. Joaquim Coelho Filho, 490;(35) 3856-1100;2146479
Minas Gerais;Guarda-Mór;Hospital Municipal de Guarda-Mór;Rua Sete Lagoas, 486;(38) 3673-1405;2118076
Minas Gerais;Guarani;Hospital D. Amelia Maria de Souza;R. José Florindo de Oliveira, 2-42;(32) 3577-1234;2179237
Minas Gerais;Gurinhatã;Pça. Padre Eustáquio S/Nº;Pça. Padre Eustáquio S/Nº;(34) 3631-1575;2181029
Minas Gerais;Ibiá;Santa Casa de Misericórdia;R. 6 de Abril, 905 - Centro;(34) 3631-1575;2146487
Minas Gerais;Ibiraci;Sta. Casa Mun. de Ibiraci;R. Dezenove, 155 - Pio XII;(35) 3544-9740;2160498
Minas Gerais;Iguatama;Hospital Municipal São Francisco;Rua Teófilo J. Moreira, 120 - Centro;(37) 3353-2400;2103532
Minas Gerais;Inhapim;Hospital São Sebastião de Inhapim;Rua Minas Gerais, 31 - Centro;(33) 3315-1377;2121921
Minas Gerais;Ipaiçu;Pronto Atendimento Municipal de Ipanema;Rua Tiradentes, 230;(34) 3252-0556;6408354
Minas Gerais;Ipanema;Pronto Atendimento Municipal de Ipanema;Rua Tiradentes, 230;(33) 3314-2164;6408354
Minas Gerais;Ipatinga;Hospital Márcio Cunha;Av. Engo Kiyoshi Tsunawaki, s/n - Das Águas;(31) 3829-9000;2205440
Minas Gerais;Ipatinga;UPA - Unidade de Pronto Atendimento;Av. Gerasa, 820 - Canaã;(31) 3828-6850;7417659
Minas Gerais;Itabira;Hospital Nossa Senhora das Dores;Av. João Soares da Silva, 135 - Penha;(31) 3831-7000;2215586
Minas Gerais;Itabirinha;Hospital São Lucas de Itabirinha;Rua da Manoela, 135 - Centro;(33) 3247-1166;2102579
Minas Gerais;Itabirito;Hospital São Vicente de Paula;Rua Emídio Quites, 100 - Saudade;(31) 3562-4300;2213982
Minas Gerais;Itacarambi;Hospital Gerson Dias;R. Carlucio Gonçalves, 284 - Centro;(38) 3613-1444;2119455
Minas Gerais;Itaguara;Santa Casa de Misericórdia;Rua Antônio P. Rezende, 1092 - Nogueira;(31) 3184-1666;2142627
Minas Gerais;Itaipé;Hospital Nossa Senhora Do Patrocínio;Rua João Batista, 55;(33) 3532-1150;2760975
Minas Gerais;Itajubá;Hospital de Clínicas de Itajubá;R. Miguel Viana, 420 - Morro Chic;(35) 3629-7600;2208857
Minas Gerais;Itamarandiba;Hospital Municipal Geraldo Ferreira Gandra;Rua Capelinha, 652 - Fazendinha;(38) 3521-1133;2135930
Minas Gerais;Itambacuri;Hospital Nossa Senhora Dos Anjos;Av. Farmaceutico Joviano, 1308 - Várzea;(33) 3511-1366;2185563
Minas Gerais;Itamogi;P. S. Mun. Antônio Leonel de Paula;Av. Geraldo Meirelles Suzano, 45 - Centro;(35) 3534-1560;3683672
Minas Gerais;Itanhomi;Hospital São Vicente de Paulo;Rua JK, 574 - Centro;(33) 3231-1281;2102773
Minas Gerais;Itaobim;Hospital Vale do Jequitinhonha;R. Minas Novas, 387 - São Jorge;(33) 3734-1258;2139073
Minas Gerais;Itapagipe;UPA;Rua 16, nº 1063 - Centro;(34) 3424-2117;9296379
Minas Gerais;Itapecerica;Sta. Casa de Misericórdia e Mater. Santana;Praça Geraldo Corrêa, 40 - Centro;(37) 3341-1100;2143895
Minas Gerais;Itaúna;Casa de Carid. Manoel G. de Souza Moreira;Av. Dr. Miguel Augusto Gonçalves, 1902 - Centro;(37) 3249-5389;2105780
Minas Gerais;Ituiutaba;Unidade Pronto Atendimento Ituiutaba;Rua Jorge Jacob Yunes, 75 - Setor Norte;(34) 3271-8235;2141213
Minas Gerais;Iturama;Ambulatório Delfina Alves Barbosa;R. Cidade do Prata, Nº 415;(34) 3415-8700;2201542
Minas Gerais;Jacinto;Fundação Bom Pastor;Av. Antônio Ferreira Lúcio, 389 - Centro;(33) 3723-1049;2120402
Minas Gerais;Jacuí;Hospital e Sta. Casa de Jacuí;R. Carlos Augusto de Oliveira, 250;(35) 3593-1200;2146436
Minas Gerais;Jaíba;Hospital Municipal de Jaíba;Av. Joaquim Garcia Ladeia, s/n;(38) 3833-1480;2117479
Minas Gerais;Janaúba;Fundação Hospitalar de Janaúba;Av. Pedro Alvares Cabral, 140 - Veredas;(38) 3821-2406;6920977
Minas Gerais;Januária;Hospital Municipal de Januária;Rua Coronel Serrão, 105 - Centro;(38) 3621-1660;2204622
Minas Gerais;Jequitinhonha;Hospital São Miguel;R. Frei Emíliano Soede, 300 - Centro;(33) 3741-1416;2120410
Minas Gerais;Joaíma;Hospital Municipal Antônia Grapiúna;Rua Getúlio Vargas, 140;(33) 3745-1295;2139057
Minas Gerais;João Monlevade;Hospital Margarida;Rua Dr. Geraldo S. Sá, s/n - Vila Tanque;(31) 3852-3144;2709848
Minas Gerais;João Pinheiro;Hospital Municipal Antônio Carneiro Valadares;Rua Zico Dornelas, 124;(38) 3561-5300;2101777
Minas Gerais;Jordânia;Fundação Paulo VI;Rua Lero Gomes, 483;(33) 99840-4944;2139065
Minas Gerais;Juiz de Fora;Hospital de Pronto Socorro;Av. Rio Branco, 3408 - Centro;(35) 3690-8125;2115786
Minas Gerais;Ladainha;Hospital Municipal Dr. Arthur Rausch;Rua da Usina, 550 - Usina;(33) 99876-9038;2797496
Minas Gerais;Lagamar;Unidade Mista;Rua Ituiutaba, 267;(34) 3812-1255;2118041
Minas Gerais;Lagoa da Prata;Pronto Socorro Municipal;R. Alexandre Bernardes Primo, 900;(37) 3261-2788;9323694
Minas Gerais;Lagoa Formosa;Pronto Atentimento;Rua Afra da Fonseca, 222;(34) 3824-2352;2101084
Minas Gerais;Lagoa Santa;Sta. Casa de Lagoa Santa;R. Caiçara, 500 - Vila Pinto Coelho;(31) 3972-5400;2120542
Minas Gerais;Lambari;Hospital São Vicente;Rua Maria Fábregas, 87 - Sertãozinho;(35) 3271-1984;5279003
Minas Gerais;Laranjal;Hospital Comunitário de Laranjal;Rua Sebastião Soares da Silveira, s/n;(32) 3434-1392;2122897
Minas Gerais;Lavras;Unidade Regional de Pronto Atendimento;Rua Ernesto Matioli, 885 - Santa Efigênia;(35) 3821-8971;2115786
Minas Gerais;Leopoldina;Casa de Caridade Leopoldinense;Rua Padre Júlio, 138;(32) 3401-4625;2122650
Minas Gerais;Luz;Hospital Nossa Senhora Aparecida;R. Guarim Caetano da Fonseca, 146 - Nações;(37) 3421-3057;2144166
Minas Gerais;Machacalis;Hospital Cura D'Ars;Rua JK, 118 - Centro;(33) 3627-1655;2208067
Minas Gerais;Machado;Sta. Casa de Caridade de Machado;R. Barão do Rio Branco, 330 - Centro;(35) 3295-1056;2796392
Minas Gerais;Malacacheta;Hospital Dr. Carlos Marx;Avenida JK, s/n;(33) 99192-8827;2208075
Minas Gerais;Manga;Hospital Fundação Amparo ao Homem do Campo;Av. Tiradentes, 526 - Centro;(38) 3615-1348;2205998
Minas Gerais;Manhuaçu;Unidade de Pronto Atendimento;Praça Dr. Cesar Leite, s/n;(33) 3332-3310;2785722
Minas Gerais;Manhumirim;Hospital Padre Julio Maria;Rua Maria Olinda - Centro;(33) 3341-1569;2114763
Minas Gerais;Mantena;Hospital São Vicente de Paulo;Rua Cândido Ilhéus, 15 - Centro;(33) 3241-1390;2099209
Minas Gerais;Mar de Espanha;Santa Casa de Misericórdia;Praça Getúlio Vargas, 80;(32) 3276-1224;2796775
Minas Gerais;Mariana;Hospital Monsenhor Horta;Rua Colina de São Pedro, 01 - Centro;(31) 3557-1224;2200945
Minas Gerais;Martinho Campo;Hospital Dr. Odilon de Andrade;Rua Padre Marinho, 954 - Centro;(37) 3524-1271;2144182
Minas Gerais;Mata Verde;UBS Mata Verde;Rua Tiradentes, 07;(33) 98867-8465;2119862
Minas Gerais;Mato Verde;Hospital Municipal de Mato Verde;Rua Mário dos Reis Silveira, 345 - São Bento;(38) 3813-1249;2204630
Minas Gerais;Matutina;Hospital Municipal de Matutina;Rua Morato, 226;(34) 3674-1200;6466591
Minas Gerais;Medina;Hospital Santa Rita;R. Dr. Geraldo Magela, 180 - Centro;(33) 3753-1334;2139030
Minas Gerais;Mendes Pimentel;Fundação Hospitalar Mendes Pimentel;Rua Astolfo Silva, 59 - Centro;(33) 99823-2553;2103230
Minas Gerais;Mercês;Hospital São Vicente de Palua;Tv. Carangola, 134;(32) 3337-1219;2161575
Minas Gerais;Minas Novas;Fundação Minas Novas Hospital Dr. Badaró Junior;Av. Israel Pinheiro, 284 - Saudade;(38) 3764-1103;2134268
Minas Gerais;Mirabela;Hosp. Mun. São Sebastião;Av. Waldemar Rabêlo da Silva, s/n;(38) 3239-1291;2140063
Minas Gerais;Moema;Hospital Professor Basílio;Rua Tamoios, 83 - Centro;(37) 3525-0206;2143674
Minas Gerais;Montalvânia;Hospital Cristo Rei;R. Montaigne, 33 - Centro;(38) 3614-1252;2119439
Minas Gerais;Monte Alegre de Minas;Sta. Casa de Misericórdia;R. Olávo Bilac, 20 - Centro;(34) 3283-3131;2776022
Minas Gerais;Monte Azul;Hospital e Maternidade Nossa Senhora das Graças;Rua Gov. Magalhães Pinto, 899 - São Geraldo;(38) 3811-1244;2119404
Minas Gerais;Monte Carmelo;Pronto Socorro Municipal;R. Odilon Rodrigues de Oliveira, 456-544 - Boa Vista;(34) 3849-1215;2206420
Minas Gerais;Monte Santo de Minas;P. A. de Monte Santo de Minas;Av. Juvenal de Magalhães Ribeiro, 299 - Fundos;(35) 3591-1000;2146592
Minas Gerais;Montes Claros;Hospital Universitário Clemente de Faria;Av. Cula Mangabeira, 562 - Santo Expedito;(38) 3229-8200;2219564
Minas Gerais;Montezuma;Centro de Saúde Santa Luzia;Rua Augusto Sá, 459;(38) 3825-1241;2204460
Minas Gerais;Morada Nova de Minas;Hospital e Casa de Caridade São Sebastião;Rua Cel. Inácio Pereira, 376;(31) 3755-1748;2178648
Minas Gerais;Morro do Pilar;Hosp. Joaquim Bento de Aguiar;Rua Intendente Camara, 279 - Centro;(31) 3866-5188;2144581
Minas Gerais;Muriaé;Hospital São Paulo;Rua Cel. Izalino, 187;(32) 3722-2600;4042085
Minas Gerais;Muriaé;UPA Dr. Fernando Rodrigues Lauriano;R. Itagibá de Oliveira, 407 - Barra;(32) 3721-1407;5118549
Minas Gerais;Nanuque;Pronto Socorro Municipal;Rua Lambari, 369 - Centro;(33) 3621-4242;2211262
Minas Gerais;Nazareno;Hosp. Mun. Santo Antônio;Praça Nossa Senhora de Nazaré, s/n - Centro;(35) 3842-1212;2179571
Minas Gerais;Ninheira;Centro de Saúde de Ninheira;Av. Domingos José de Matos, 518;(38) 3832-8113;2203391
Minas Gerais;Nova Era;Hospital São José;R. Oscár de Araújo, 197 - Centenário;(31) 3861-1263;2144549
Minas Gerais;Nova Ponte;Sta. Casa de Misericórdia;R. Sebastião Eugênio de Andrade, 742 - Centro;(34) 3356-8080;2775964
Minas Gerais;Nova Serrana;Unidade de Pronto Atendimento Municipal;Rua Padre José Luís, 440 - São Marcos;(37) 3226-6166;2160137
Minas Gerais;Novo Cruzeiro;Hospital São Bento;Praça Frei Ubaldo, n 1;(33) 3533-1934;2183811
Minas Gerais;Oliveira;Santa Casa de Miseriórdia;Praça Manoelita Chagas, 191 - Centro;(37) 3332-9450;2144298
Minas Gerais;Ouro Fino;Casa de Caridade de Ouro Fino;Rua 13 de Maio, 2054;(35) 3441-9468;2127911
Minas Gerais;Ouro Preto;Santa Casa de Misericórdia;Rua José de Moringa, 620 - Vila Itacolomi;(31) 3551-1133;2163829
Minas Gerais;Padre Paraíso;Hospital Nossa Senhora Mãe da Igreja;Rua Amazonas, n 06;(33) 3534-1210;2208083
Minas Gerais;Pains;Hospital Municipal Regina Vilela;R. Padre José Venâncio, 770 - Centro;(37) 3323-1222;2168626
Minas Gerais;Palma;Hospital e Maternidade Maria Eloy;Ria Dr. Bias Fortes, 109 - Centro;(32) 3446-1119;2122936
Minas Gerais;Pará de Minas;Hospital Nossa Senhora da Conceição;R. do Cruzeiro, 68 - Nossa Sra. das Gracas;(37) 3233-5400;2206064
Minas Gerais;Paracatu;Hospital Municipal de Paracatu;Av. Olegário Maciel, 714;(38) 3671-1282;2100754
Minas Gerais;Paraisópolis;Hospital Frei Caetano;Praça Monsenhor Dutra, 211;(35) 3651-1121;2127695
Minas Gerais;Passabém;Hospital São José;R. João Antônio Ferreira, 118 - Centro;(31) 3836-1120;2168200
Minas Gerais;Passos;Unidade Pronto Atendimento;Rua Santa Casa, 164;(35) 3522-4214;4042751
Minas Gerais;Patos de Minas;Santa Casa Misericórdia;Rua Barão de Passos, s/n;(35) 3529-1300;2775999
Minas Gerais;Patos de Minas;Hospital Regional Antônio Dias;Rua Major Gote, 1231;(34) 3818-6000;2726726
Minas Gerais;Patrocínio;Pronto Socorro Municipal;R. Otávio de Brito, 21 - São Lucas;(34) 3831-5111;2209187
Minas Gerais;Peçanha;Hospital Santo Antônio;Rua Horácio, 29 - Centro;(33) 3411-1244;2103257
Minas Gerais;Pedra Azul;Hospital Estér Faria de Almeida;Av. Dr. Álvaro Neves, 369 - Centro;(33) 3751-1644;2139049
Minas Gerais;Perdões;Santa Casa de Perdões;Rua Floriano Peixoto, 176 - Centro;(35) 3864-7250;2221985
Minas Gerais;Pimenta;Santa Casa Municipal de Saúde de Pimenta;R. Totonho Costa, 230;(37) 3324-1519;2786276
Minas Gerais;Pirapetinga;Centro de Saúde Fundação;Rua Martins Peixoto, s/n - Centro;(32) 3465-1227;2179091
Minas Gerais;Pirapora;Hospitalar Doutor Moises Magalhães Freire;Rua Montes Claros, 1237;(38) 3740-1079;2119528
Minas Gerais;Piraúba;Assoc. de Amigos do Hospital de Piraúba;Av. Pena, 175;(32) 3573-1335;2161362
Minas Gerais;Pitangui;Santa Casa de Misericórdia;Praça Antônio dos Santos, 15 - São Francisco;(37) 3271-4012;2142406
Minas Gerais;Piumhi;Santa Casa de Misericórdia de Piumhi;Praça Guia Lopes, 53;(37) 3371-1765;2776006
Minas Gerais;Poço Fundo;Hospital do Gimirim;Praça Tancredo Neves, 228 - Centro;(35) 3283-1158;2167727
Minas Gerais;Poços de Caldas;Unidade de Pronto Atendimento;Praça Bandeira do Sul, s/n - Bairro José Carlos;(35) 3697-5361;2115786
Minas Gerais;Pocrane;Hospital Municipal José Victor de Paula;Praça Leôncio de Oliveira, 60;(33) 3316-1257;2760959
Minas Gerais;Pompéu;Santa Casa de Misericórdia de Pompeu;Rua João Machado, 161;(37) 3523-1222;2178591
Minas Gerais;Ponte Nova;Hospital Arnaldo Gavazza;Av. Dr. José Grossi, 16 - Guarapiranga;(31) 3819-5000;2206382
Minas Gerais;Porteirinha;Santa Casa de Misericórdia e Hospital São Vicente de Paula;R. Belo Horizonte, 1000 - Outron Branco;(38) 3220-8765;2205971
Minas Gerais;Poté;Hospital São Vicente de Paulo;Rua Militão Maia, 237 - Centro;(33) 99874-4887;2178990
Minas Gerais;Pouso Alegre;Hospital Samuel Libânio;Av. Comendador José Garcia, 777;(35) 3429-3200;2127989
Minas Gerais;Prata;Pronto Atendimento Municipal;Rua Santa Catarina, 400 - Edna;(34) 3431-8723;2145588
Minas Gerais;Presidente Bernardes;Hospital Municipal Santo Antônio;AV Juca Quintão, 82 - Bela Vista;(32) 3538-1141;2148471
Minas Gerais;Presidente Olegário;Hospital Municipal Darci José Fernandes;Praça José Batista Marra, s/n;(34) 3811-1467;2101432
Minas Gerais;Raul Soares;Hospital São Sebastião de Raul Soares;R. Adélino Azevedo, s/n - Centro;(33) 3351-1108;2168553
Minas Gerais;Recreio;Pronto Socorro Municipal;Rua Cel. José Maria Cardoso, s/n - Centro;(32) 3444-1144;2122634
Minas Gerais;Resende Costa;Hospital Nossa Senhora do Rosário;Praça Cônego Cardoso, 142 - Centro;(32) 3354-1211;2139626
Minas Gerais;Resplendor;Hospital Nossa Sra. do Carmo;Rua Moraes de Carvalho, 333 - Centro;(33) 3263-1166;2168731
Minas Gerais;Riachinho;Hospital Municipal Santo Antônio;Avenida JK, 445 - Centro;(38) 3678-1386;2119498
Minas Gerais;Rio Casca;Hospital Nossa Senhora da Conceição;R. Cel. José Viêira, 677;(31) 3871-1117;2419653
Minas Gerais;Rio Paranaíba;Hospital Municipal Dona Maria Conceição Frantino Valério;Av. Trajano José Da Silva, 98;(34) 3855-1228;2184680
Minas Gerais;Rio Pardo de Minas;Hospital Tácito de Freitas Costa;Praça Antônio Neves, 324;(38) 3824-1288;2119463
Minas Gerais;Rio Pomba;Hospital São Vicente de Paula;Rua Coronel Francisco Vieira, 251 - Rosário;(32) 3571-1536;2149419
Minas Gerais;Rio Vermelho;Hospital João Cesar de Oliveira;Travessa Francisco da Rocha, 34 - Centro;(38) 3343-3612;2135140
Minas Gerais;Rubim;Hospital São Vicente de Paulo;Rua Borborema, 477;(33) 3746-1222;2139138
Minas Gerais;S. Sebastião do Paraíso;Sta. Casa de Misericórdia;Praça Com. João Pio F. Westin, 92 - Mocoquinha;(35) 3539-1300;2146525
Minas Gerais;Sabinópolis;Hospital São Sebastião de Sabinópolis;Rua Inácio Barroso, 331 - Centro;(33) 3423-1311;2135914
Minas Gerais;Sacramento;Santa Casa de Misericórdia;Praça Conego Hermogenes, 2;(34) 3351-1216;2109034
Minas Gerais;Salinas;Hospital Municipal Dr. Osvaldo Prediliano Santana;Av. Antônio Carlos, 1009 - São Geraldo;(38) 3841-1014;2204649
Minas Gerais;Salto da Divisa;Hospital Senhor do Bonfim;Praça Dr. José Messias da Cunha Peixoto, 34 - Centro;(33) 3725-1311;2139111
Minas Gerais;Santa Fé de Minas;Centro de Saúde José Rodrigues Barbosa;Rua Guanabara, 12 - Centro;(38) 99814-2619;2172682
Minas Gerais;Santa Maria de Itabira;Hospital Padre Estevan;R. Francisco Samuel, 150 - Centro;(31) 3838-1234;2144565
Minas Gerais;Santa Maria do Salto;Unidade Prevenção e Saúde Santa Maria do Salto ESF 02;Rua José Dias Gonçalves, 123 - Planalto;(33) 3727-1448;2119560
Minas Gerais;Santa Maria do Suaçui;Hospital Santa Maria Eterna;Praça Batista Lopes, 40 - Centro;(33) 3431-1259;2103990
Minas Gerais;Santa Vitória;Unidade Mista Jerônimo Teodoro;Av. Joaquim Ribeiro de Gouveia, 1507 - Centro;(34) 3251-8581;2215268
Minas Gerais;Santo Antônio de Jacinto;UBS de Santo Antônio do Jacinto;Rua Beira Rio, 354;(33) 3747-1256;6516556
Minas Gerais;Santo Antônio do Amparo;Hospital Regional São Sebastião;Rua Antero Aguiar, 96 - Centro;(37) 3863-2710;2192128
Minas Gerais;Santo Antônio do Monte;Sta. Casa de Misericórdia;Av. Pres. Tancredo Neves, 175;(37) 3281-8900;2144026
Minas Gerais;São Domingos do Prata;Hosp. Nossa Senhora das Dores;Praça Prisco de Braga, 29 - Centro;(31) 3856-1224;2144573
Minas Gerais;São Francisco;Hospital Brício Dourado;Av. Dom Pedro de Alcantra, 626 - Centro;(38) 3631-1607;2140098
Minas Gerais;São Gonçalo do Sapucaí;Sta. Casa de Misericórdia;R. Dr. Dionísio Azevedo Réis, 348-422 - Centro;(35) 3241-1022;2775913
Minas Gerais;São Gotardo;Pronto Antedimento;Rua Virginia Resende de Jesus, 212;(34) 3671-8241;9383921
Minas Gerais;São João Batista do Glória;Hosp. Mun. Dona Chiquita;R. Porto Alegre, 22 - Centro;(35) 3524-1200;2146517
Minas Gerais;São João da Ponte;Hospital São Geraldo;R. Rufino Cardoso, 381 - Centro;(38) 3234-1100;2119447
Minas Gerais;São João del Rei;UPA São João del Rei;R. Marechal Ciro Espírito Santo Cardoso, 74 - Jardim Central;(32) 3379-1700;6798128
Minas Gerais;São João do Paraíso;Fundação de Saúde São João do Paraíso;Rua Sebastião da Costa Ferreira, s/n;(38) 3832-1125;2795299
Minas Gerais;São João Evangelista;Hospital Municipal de São João Evangelista;Avenida Primeiro de Junho, nº 1404 - Centro;(33) 3412-1224;2102765
Minas Gerais;São João Nepomuceno;Pronto Atendimento Médico;R. Dr. Gouveia, s/n;(32) 3261-2178;2160927
Minas Gerais;São José de Safira;PSF Maria Ribeiro Figueiredo;Rua Senhora Aparecida, 43 - Centro;(33) 99703-1458;5509289
Minas Gerais;São José do Goiabal;Unidade de Pronto Atendimento Jurandir Martins Guimarães;Rua Mário Rolla, 109 - Centro;(31) 3858-5559;6582710
Minas Gerais;São Lourenço;Hospital Fundação Casa de Caridade;Rua Jaime Sotto Mayor, 329;(35) 3339-3200;5330807
Minas Gerais;São Roque de Minas;Hosp. Mun. Santa Marta;Av. Pref. Nilzo de Faria, 490 - Barro Branco;(37) 3433-1593;2147823
Minas Gerais;São Tiago;Hospital São Vicente de Paulo;Avenida Governador Magalhaes Pinto, 85 - Centro;(32) 3376-1232;2123711
Minas Gerais;São Tomas de Aquino;Hospital Nossa Senhora do Sagrado Coração;R. Clemente Santana, 175 - Centro;(35) 3535-1332;6146791
Minas Gerais;São Vicente de Minas;Hospital São Vicente de Paulo;R. São Vicente de Paulo, 232 - Vila Vicentina;(35) 3323-1295;2123231
Minas Gerais;Senador Firmino;Hospital São João de Deus;Rua Pio XII, 15 - Centro;(32) 3536-1234;2760851
Minas Gerais;Serra do Salitre;Hospital Municipal de Serra do Salitre;R. Austrália, 419;(34) 3833-1165;2797364
Minas Gerais;Serro;Casa de Caridade Santa Tereza;Rua Irma Maria Carvalho, 68 - Matozinhos;(38) 3541-1224;2202891
Minas Gerais;Sete Lagoas;Hospital Monsenhor Flávio D'Amato;Av. Raquel Teixeira Viana, 716;(31) 3773-2600;2109867
Minas Gerais;Taiobeiras;Hospital Santo Antônio;Rua Grão Mogol, 194 - Centro;(38) 3845-1311;2098369
Minas Gerais;Teófilo Otoni;Upa;Avenida Getúlio Vargas, 1284 - Centro;(33) 3536-5912;6875343
Minas Gerais;Timóteo;Hospital de Timóteo;Rua José Júlio Lage, s/n - Timirim;(31) 3849-9591;2140217
Minas Gerais;Tiros;Hospital Municipal Conceição Palhares;Av. Antônio Carlos, 372;(34) 3853-1000;2102021
Minas Gerais;Três Corações;Hospital São Sebastião;Rua Pedro Bonésio, 236 - Centro;(35) 3239-3950;2760657
Minas Gerais;Três Marias;Hospital São Francisco;BR-040 - Km 438;(38) 3764-5911;2796112
Minas Gerais;Três Pontas;Pronto Atendimento Municipal;Rua Barão da Boa Esperança, 484 - Catumbi;(35) 3266-5831;2139227
Minas Gerais;Tumiritinga;Centro Municipal de Saude;Praça Tiradentes, nº 58 - Centro;(33) 99819-4370;6650961
Minas Gerais;Tupaciguara;Policlínica Municipal;Av. Jucelino Kubitscheck, 126 - Das Paineiras;(34) 3281-5424;2797542
Minas Gerais;Turmalina;Hospital São Vicente;Rua do Rosário, 440;(38) 3527-1234;2135108
Minas Gerais;Ubá;Hospital Santa Isabel;R. Frei Cornélio, 200 - Laurindo De Castro;(32) 3539-1188;2195437
Minas Gerais;Uberaba;Hospital das Clínicas da Unidade Federal do Triângulo Mineiro;Av. Getulio Guaritá, S/Nº;(34) 3318-5181;2206595
Minas Gerais;Uberlândia;Pronto Socorro da Universidade Federal de Uberlândia;Av. Pará, 1888 - Umuarama;(34) 3218-2290;2146355
Minas Gerais;Unaí;Hospital Municipal Dr. Joaquim Brochado;Av. Castelo Branco, 140;(38) 3677-5066;2760924
Minas Gerais;Urucuia;Hospital Municipal Gricia Lisboa de Rezende;Av. Américo Martins, 45 - Rutilante;(38) 3634-9166;2119501
Minas Gerais;Varginha;Hospital Bom Pastor;R. Pres. Tancredo Neves, 500 - Bom Pastor;(35) 3690-1031;2761092
Minas Gerais;Várzea da Palma;UPA 24 horas;Rua Esmeraldas, 885 - Planalto;(38) 3731-2642;3410587
Minas Gerais;Varzelândia;Fundação Hospitalar Nossa Senhora Aparecida;Rua Feliciano de Carvalho, 91 - Centro;(38) 99176-6206;2104741
Minas Gerais;Vazante;Hospital Municipal Nossa Senhora da Lapa;Rua Dona Isaura, 350;(34) 3813-7300;2118092
Minas Gerais;Viçosa;Hospital São Sebastião;R. José da Cruz Reis - Bela Vista;(31) 3899-5023;2099454
Minas Gerais;Virgem da Lapa;Hospital São Domingos;Praça Minas Gerais, 85 - Novo Horizonte;(33) 3736-1225;2134306
Minas Gerais;Virginópolis;Hospital São José;R. Padre Félix, 46 - Centro;(33) 3416-1244;2144557
Minas Gerais;Virgolândia;Centro de Saúde Edson Lopes;R. Sálvio Clementino, 60 - Virgolandia;(33) 99829-5620;2103303
Minas Gerais;Visconde do Rio Branco;Hospital São João Batista;Praça Jorge Carone Filho, 806 - Centro;(32) 3551-8300;2760843
Pará;Abaetetuba;UPA Porte II Dr. Manoel Antônio Ferreira;Travessa Santos Dumont - s/n - São Lourenço;(91) 3751-2769;9073027
Pará;Abel Figueiredo;Hosp. Municipal de Abel Figueiredo Altair Ataíde Mateus;Travessa Nossa Senhora da Conceição, s/n - Centro;(94) 3342-1122;2329387
Pará;Acará;Hospital Municipal de Acará;Avenida Governador Fernando Guilon, 368 - Alegria;(94) 3342-1122;2329484
Pará;Afuá;Unidade Mista de Afuá;Rua 10 de Novembro, 131 - Centro;(96) 3689-1201;2316048
Pará;Alenquer;Hospital Santo Antônio;Rua Dr. Pedro Vicente, 1146 - Centro;(93) 3526-1242;2331861
Pará;Almerim;Hospital Municipal Monte Dourado;Avenida Beira-Mar, s/n - Centro;(96) 99133-9795;2331470
Pará;Almerim;Hospital Municipal de Almerim;Rua Lameira Bittencourt, 1659 - Bairro do Palhão;Indisponível;2331748
Pará;Altamira;Hospital Municipal São Rafael;Rua 6, 2089 - Mutirão;(93) 99184-2131;2330830
Pará;Altamira;Hospital Geral Público de Castelo dos Sonhos;Avenida José Luiz Trevisan, s/n - Aeroporto;(66) 96921-7466;254460
Pará;Altamira;UPA de Altamira;Travessa Campinas, s/n - Uirapuru;(94) 99192-7059;7898355
Pará;Água Azul do Norte;Hospital Municipal de Água Azul do Norte;Avenida Lago Azul, s/n - Centro;Indisponível;2615738
Pará;Água Azul do Norte;Unidade de Saúde da Família III;Rua Principal, s/n - Zona Rural Colônia Juçara;(94) 99158-0175;2329409
Pará;Água Azul do Norte;Posto de Saúde Velha Canada;Rua Principal, s/n - Zona Rural Colônia Canada;Indisponível;2329441
Pará;Água Azul do Norte;Unidade de Saúde da Família IV;Vila Paraguassu, s/n - Zona Rural;Indisponível;5520282
Pará;Ananindeua;UPA ICUI Daniel Berg;Estrada do Icui Guajara, sem nº - Icui Guajara;Indisponível;7278888
Pará;Ananindeua;UPA 24h - Mariguella;Rua Zumbi Dos Palmares S/N - Aura;(91) 3273-0281;9413073
Pará;Ananindeua;UPA Distrito Dr. Nonato Sanova;Rua Primeira Rural - Distrito Industrial;Indisponível;9466355
Pará;Ananindeua;UPA 24 Horas Tipo III Dom Helder Câmara;Cidade Nova II WE 16 S/N - Coqueiro;Indisponível;7112831
Pará;Ananindeua;Unidade de Pronto Atendimento do Jaderlândia;Rua F, s/n - Atalaia;Indisponível;4706153
Pará;Anajás;Hospital Municípal de Anajás;Rua Barão do Rio Branco, 25 - Centro;(91) 3694-1757;2313049
Pará;Anapú;Hospital Municipal Oscar de Dea;Avenida Bandeirantes, s/n - Novo Panorama;Indisponível;2330938
Pará;Aurora do Pará;Hosp. Municipal de Aurora do Pará;Rua Benedito Almeida, 621 - Aparecida;(91) 3482-1463;5572924
Pará;Augusto Correa;Hospital Maternidade São Miguel;Travessa Manoel Avelino Alves, 285 - Centro;Indisponível;2678578
Pará;Aveiro;Centro de Saúde de Aveiro;Travessa João Paulo II, s/n - Centro;(93) 3505-1227;2332469
Pará;Bagre;Hospital Municipal de Bagre;Avenida Fernando Guilhon, s/n - Centro;(91) 3606-1144;7773250
Pará;Baião;Hosp. Munic. de São Joaquim;Rua Doutor Bena Santana, s/n - Nova São Francisco;(91) 3795-1611;4005732
Pará;Bannach;Hospital Municipal José Vieira dos Santos;Avenida Antônia Soller Bannach, s/n - Centro;(94) 3305-1123;2676001
Pará;Bannach;Hospital Municípal Wandick Gutierrez;Travessa Santo Antônio, 356 - Centro;(91) 3753-2921;2314037
Pará;Barcarena;Complexo Municipal De Saude Raimundo Santana Ribeiro;Av. Santarem, S/N - Vila do Conde;(91) 99373-5058;4423402
Pará;Barcarena;Unidade de Pronto Atendimento 24h;Rua Cônego Batista Campos, s/n - Pioneiro;(91) 3754-2261;7986815
Pará;Belém;Hosp. do Pronto Socorro Municipal Dr. Humberto Maradei Pereira;Passagem São Miguel, 100 - Guamá;(91) 3219-5205;2694778
Pará;Belém;Hosp. do Pronto Socorro Municipal Mario Pinotti;Travessa 14 de Março, 500 - Umarizal;(91) 3241-3292;2337339
Pará;Belém;Hospital Abelardo Santos;Travessa Itaboraí, 110 - Cruzeiro;(91) 3267-2922;2695251
Pará;Belém;Unidade Mista de Mosqueiro;Rua 15 de Novembro, s/n - Mosqueiro;(91) 3771-1229;4005759
Pará;Belterra;Hospital Municipal Dr. Ivaldo Moraes;Estrada I, 01 - Centro;(91) 3765-1466;3738698
Pará;Benevides;USF Paraíso Murinin Urgência e Emergência;Av. Martinho Monteiro, 1057 - Benfica;(91) 98173-0635;823465
Pará;Bom Jesus do Tocantins;Hospital Municipal de Bom Jesus do Tocantins;Rua Expedito Nogueira, s/n - Laranjeiras;(94) 3341-1125;2678624
Pará;Bragança;Hosp. Geral de Bragança;Avenida Nazareno Ferreira, 500 - Centro;(91) 3425-2162;2678756
Pará;Bragança;Hosp. Santo Antônio Maria Zaccaria;Avenida Nazareno Ferreira, s/n - Padre Luiz;(91) 3425-2113;2678403
Pará;Brasil Novo;Hospital Municipal Maria José Biancardi;Travessa 28 de Abril, s/n - Centro;Indisponível;9031103
Pará;Brejo Grande do Araguaia;Hospital Municipal de Brejo Grande do Araguaia;Travessa Moacir Fernandes de Sousa, s/n - Centro;(94) 3337-1145;2312166
Pará;Breves;Unidade de Pronto Atendimento de Breves;Avenida Castilho França, s/n - Riacho Doce;(91) 3783-1242;7861079
Pará;Bujaru;Hospital São Lucas;Rua São Joaquim, 100 - Centro;(91) 3746-1388;2675951
Pará;Cachoeira do Arari;Unidade Mista de Cachoeira do Arari;Praça da Matriz, s/n - Centro;Indisponível;2316234
Pará;Cametá;UPA 24h Dr. Haroldo Martins;Avenida Santos Dumont, 1404 - Novo;(91) 3781-2254;2313367
Pará;Cametá;Hosp. Regional de Cametá;Praça Padre Prudêncio, 3404 - Centro;(91) 3781-1243;2418665
Pará;Canaã dos Carajás;Hospital e Maternidade Santa Luiza de Marillac;Avenida JK, s/n - Centro;(94) 3358-1671;2677563
Pará;Capanema;UPA de Capanema Josué Rodrigues Martins;Rua Laudelino Valente, s/n - São Cristovão;Indisponível;6947077
Pará;Castanhal;UPA porte III 24 HORAS Governador Almir Gabriel;BR 316, s/n - Bairro do Cristo;Indisponível;7474423
Pará;Castanhal;Hospital Municipal de Castanhal;Rua Major Wilson, s/n - Nova Olinda;Indisponível;2674769
Pará;Chaves;Unidade Mista de Chaves;Travessa Chermon Júnior, 77 - Centro;(96) 99115-9084;2316080
Pará;Colares;Unidade Mista de Saúde de Colares;Avenida XV de Novembro, 360 - Centro;Indisponível;2314312
Pará;Conceição do Araguaia;Hospital Regional de Conceição do Araguaia;Travessa Pará, 840 - Centro;(94) 3421-1165;2328992
Pará;Concórdia do Pará;Hospital e Maternidade João Lins de Oliveira;Avenida Presidente Vargas, 1047 - Centro;Indisponível;2622319
Pará;Curionopolis;Hospital e Maternidade Elcione Barbalho;Rua Jacarandá, 49 - Centro;(94) 3348-1042;2312158
Pará;Curralinho;Hospital Municipal de Curralinho;Avenida Jarbas Passarinho, s/n - Centro;(91) 3633-1134;2615843
Pará;Cumaru do Norte;Hosp. Municipal João Vieira da Cunha;Avenida das Nações, s/n - Centro;(94) 99139-6151;2318059
Pará;Curuá;Centro de Saúde Dr. Almir Gabriel;Avenida 7 de Setembro, s/n - Planalto;(93) 3563-1259;2331845
Pará;Curuçá;Hosp. Munic. de Curuçá Henrique Alves;Avenida General Deodoro, s/n - Centro;(91) 99368-8707;2311992
Pará;Dom Eliseu;Hospital das Clínicas de Dom Eliseu;Rua Pernambuco, 182 - Flor do Ipê;(94) 3335-1269;2677598
Pará;Eldorado dos Carajás;Hospital Municipal de Eldorado dos Carajás;Avenida Oziel Carneiro, s/n - Eldorado KM 02;(94) 98175-8668;3003469
Pará;Faro;Unidade Mista de Faro;Avenida Independência, s/n - Campina;(93) 99101-4350;2331500
Pará;Floresta do Araguaia;Hospital Municipal de Floresta do Araguaia;Rua 03, 803 - Centro;(94) 98170-2332;2418673
Pará;Garrafão do Norte;Hospital e Maternidade Manoel Gonçalves Eufrasio;Travessa Luiz Uchoa, s/n - Pedrinhas;Indisponível;9601503
Pará;Goianésia;Hosp. Municipal de Goianésia;Rua Tiradentes, 66 - Centro;(94) 99110-1640;2312174
Pará;Gurupá;Hospital Municipal de Gurupá Jaime Abenathar;Travessa Antonia Neves, s/n - Centro;(91) 98036-5727;2313057
Pará;Igarapé-Açu;Hospital Municipal de Igarapé-Açu;Avenida Barão do Rio Branco, s/n - Centro;(91) 98170-1618;2804638
Pará;Igarapé-Miri;Hospital e Maternidade Santana;Rodovia PA 151 Açai Lar S/N - Marombinha;(91) 3755-1514;2317397
Pará;Inhangapi;Hospital Municipal de Inhangapi;Rua Professor Encarnação, 455 - Centro;(91) 98422-7543;2317931
Pará;Ipixuna;Hospital Santa Clara;Rua Ulisses Guimarães, s/n - Centro;(91) 3811-2123;2616483
Pará;Irituia;Hospital Municipal de Irituia;Rua 29 de Dezembro, s/n - Centro;(91) 3444-1171;2330970
Pará;Itaituba;Hosp. Municipal de Itaituba;Rua José Ribeiro dos Santos, s/n - Boa Esperança;(93) 3518-1659;2331098
Pará;Itupiranga;Hosp. Municipal de Itupiranga;Rua São Salvador, s/n - Centro;(93) 3542-1252;2615711
Pará;Jacareacanga;Hosp. Municipal de Jacareacanga;Travessa Santos Dumont, 28 - Centro;Indisponível;2331691
Pará;Jacundá;Hosp. Municipal de Jacundá Maria Cecilia;Rua Jatobal, s/n - Centro;(94) 3345-1041;2312050
Pará;Juruti;Hospital Municipal de Juruti Francisco Rodrigues Barros;Travessa Dário Rodrigues de Souza, s/n - Bom Pastor;(93) 3536-1211;2316757
Pará;Limoeiro do Ajuru;Hospital Municipal Dr. Cruz Moreira;Rua Conceição, 32 - Centro;(91) 3636-1106;2772329
Pará;Marituba;Hospital de Urgencia e Emergencia Augusto Chaves;Rodovia BR-316, Km 12 S/N - Centro;(91) 98523-7827;2316471
Pará;Marituba;UPA Eládio Soares;Rodovia BR 316 S/N - Almir Gabriel;(91) 98621-1978;9271120
Pará;Mãe do Rio;Hospital Municipal Dr. Silas Freitas;Rua Voluntários da Pátria, 391 - São Sebastião;(91) 3444-1488;2677407
Pará;Magalhães Barata;Centro de Saúde Magalhães Barata;Narcisa Gomes, s/n - Centro;(91) 98501-8996;2317532
Pará;Marabá;Hospital Municipal de Marabá;Folha 17 Quadra Especial, s/n - Nova Marabá;(94) 3322-2110;2615797
Pará;Maracanã;Hospital Municipal de Maracanã;Avenida Magalhães Barata, 2210 - Centro;(91) 99915-2588;2793903
Pará;Marapanim;Unidade Mista Municipal de Marapanim;Rua Magalhães Barata, s/n - Centro;(91) 99108-3403;2621584
Pará;Medicilândia;Hospital Municipal de Medicilândia;Travessa Cassandro Silvério, 1014 - Centro;(93) 3531-1224;2622475
Pará;Melgaço;Hospital Municipal de Melgaço;Rua Wilson Ribeiro, s/n - Centro;(91) 3637-1309;6559476
Pará;Mocajuba;Hosp. Municipal Maria do Carmo Gomes;Travessa Miguel Dias de Almeida, s/n - Caixa D'Água;(91) 3661-1517;2677431
Pará;Mojú;Unidade Mista de Saúde de Moju;Rodovia dos Quilombolas, sn - Parolandia II;(91) 3756-1644;2329697
Pará;Monte Alegre;Hosp. Municipal de Monte Alegre;Pas. Tem. Pedro Nunes, 3388 - Serra Ocidente;(93) 3533-1211;2652706
Pará;Mojuí dos Campos;Hospital Municipal de Mojuí dos Campos;Rua Dr. José Ferreira Teixeira, 43 - Centro;Indisponível;0000000
Pará;Muaná;Unidade Mista de Muaná;Rua Dr. José Ferreira Teixeira, 43 - Centro;(91) 3494-1442;2316005
Pará;Nova Esperança do Piriá;Hospital e Maternidade Municipal Ruben Alfredo Tutaya Menese;Rua Marechal Deodoro da Fonseca, s/n - Vila Nova;Indisponível;5968496
Pará;Nova Ipixuna;Hospital Municipal de N. Ipixuna;Rua Cachoeira da Fumaça, s/n - Centro;Indisponível;9154388
Pará;Novo Progresso;Hospital Municipal de Novo Progresso;Rua Juscelino Kubitschek, 98 - Rui Pires de Lima;(93) 3528-2550;2331578
Pará;Novo Repartimento;Hospital Municipal São Francisco;Praça da Bíblia, s/n - Espigão;Indisponível;2312123
Pará;Óbidos;Santa Casa de Misericórdia de Óbidos;Travessa Rui Barbosa, 331 - Centro;(93) 3547-1417;2332299
Pará;Oeiras do Pará;Hospital de Pequeno Porte;Travessa Honório Bastos, 1008 - Santa Maria;(91) 3796-1104;6578373
Pará;Oriximiná;Hospital Municipal de Oriximiná;Rua Barão do Rio Branco, 3288 - Santa Terezinha;(93) 3544-1370;2331969
Pará;Oriximiná;Hospital de Porto Trombetas;Rua Rio Amazonas, s/n - Centro;(93) 99124-9487;6312314
Pará;Ourilândia do Norte;Hospital Municipal Jadson Pescone;Rua Ceará, s/n - Asevec;(94) 99257-9309;2322935
Pará;Ourilândia do Norte;Hospital Santa Lucia;Avenida das Nações, 1736 - Centro;(94) 99179-9571;2318865
Pará;Ourém;Hospital Municipal Luis Carlos de Souza;Rua Luiz de Moua, 365 - Centro;(91) 3467-1121;2314819
Pará;Pacajá;Unidade Mista de Pacajá;Avenida Marechal Castelo Branco, s/n - Centro;(91) 3798-1499;2616211
Pará;Palestina do Pará;Hospital Municipal José Homobono Paes Andrade;Avenida 15, s/n - Cidade Nova;(94) 99212-9716;2312182
Pará;Paragominas;UPA Paragominas Solange Maria do Nascimento Melo;Rua Menestrite, 01 - Uraim;(91) 3729-8058;7117086
Pará;Parauapebas;Hospital Municipal de Parauapebas Manoel Evaldo Benevides Alves;Rua A, Quadra 07, Lote Especial, s/n - Cidade Nova;(94) 3346-1020;2615746
Pará;Parauapebas;Unidade de Pronto Atendimento Cidade Jardim;Rua Buritis Quadra Institucional, 336 - Cidade Jardim;(94) 3346-2852;7904864
Pará;Parauapebas;Hospital Yutaka Takeda;Avenida Carajás, s/n - Núcleo Urbano de Carajás;(94) 3352-4624;2673886
Pará;Pau D'arco;Hospital Municipal Enfermeira Antônia Pinheiro Cavalcante;Rua Vivaldo Lima Nunes, s/n - Setor Paraíso;(94) 99127-9554;2615991
Pará;Placas;Hospital Municipal de Placas;Travessa Olivio Alves, s/n - Centro;(93) 3534-1127;3654796
Pará;Prainha;Hospital Wilson Ribeiro;Prainha;Indisponível;2331756
Pará;Piçarras;Unidade Mista de Saúde de Piçarras;Rua João Abreu Angel, 00 - Brasil Novo;(94) 3422-1190;2622491
Pará;Ponta de Pedras;Unidade Mista de Ponta de Pedras;Avenida Raimundo Malato, 85 - Campinho;(91) 3777-1420;2316013
Pará;Porto de Moz;Hospital Municipal Ana Nery;Rua da República, 1780 - Centro;(93) 99130-8303;2711184
Pará;Quatipuru;Unidade Mista/Ubs;Rua Bernadino Gomes;(91) 98415-5649;2677024
Pará;Redenção;Hospital Regional Araguaia;Avenida Brasil, 4244 - Park dos Buritis;(94) 3424-9500;5498465
Pará;Redenção;Hospital Municipal Dr. Pedro Paulo Barcauí;Avenida Belo Horizonte, s/n - Capuava;(94) 3424-0203;2504901
Pará;Redenção;Hospital Particular São Vicente;Rua Dr. Pedro Paulo Barcauí, 362 - Vila Paulista;(94) 3424-8955;2316661
Pará;Redenção;Hospital Santa Monica;Rua São Félix do Xingu, 744 - Morada da Paz;(94) 99152-0989;3185591
Pará;Rio Maria;Hospital Municipal de Rio Maria;Avenida 08, 341 - Setor Remor;(94) 99124-7675;2317990
Pará;Rondon do Pará;Hosp. Municipal de Rondon do Pará;Rua Lauro Sodré, 235 - Centro;(94) 3326-1369;2312131
Pará;Rurópolis;Hospital Municipal de Rurópolis;Dr. Oswaldo Cruz entre Av. Pres. Médici e Av. Brasil, 80 - Centro;(93) 3543-1688;2331292
Pará;Salinópolis;Hosp. Reg. Dr. Olimpio Cardoso da Silveira;Avenida Dr. Miguel de Santa Brígida, s/n - Ponta D'Agulha;(91) 3423-1867;2314819
Pará;Salvaterra;Hospital Municipal de Pequeno Porte Dr. Almir Gabriel;Avenida Nossa Senhora da Conceição, s/n - Centro;(91) 3765-1250;2316064
Pará;Santa Cruz do Arari;Unidade Mista de Santa Cruz do Arari;Rua Victor Moreira, 01 - Centro;(91) 3658-2219;2316161
Pará;Santa Izabel do Pará;Hospital Municipal Dr. Edílson Abreu;Rua João Casa Nova, 2085 - Centro;(91) 3744-1200;9177140
Pará;Santa Maria das Barreiras;Hosp. Mun. de Santa Maria das Barreiras;Avenida Dom Sebastião Tomaz, s/n - Centro;(94) 3319-3152;2333589
Pará;Santa Maria das Barreiras;PSF II Antonio Manoel de Melo;Vila Sawanopolis, s/n - Centro;(94) 3319-1346;3916065
Pará;Santa Maria do Pará;Hospital da Ordem Terceira Unidade de Santa Maria do Pará;Rua Cezarino Doce, 10 - Centro;(91) 3442-1107;2674785
Pará;Santana do Araguaia;Hosp. Municipal de São Francisco de Assis;Avenida Vinicius de Freitas, s/n - Bel Recanto;(94) 3431-2871;2329565
Pará;Santarém;Unidade De Pronto Atendimento Upa 24 horas;Av. Curua-Una, S/N - São José Operário;Indisponível;7530005
Pará;Santarém;Hospital Municipal de Santarém;Avenida Presidente Vargas, 1538 - Santa Clara;(93) 3523-2155;233905
Pará;Santo Antônio do Tauá;Hospital e Maternidade Santo Antônio;Rua Francisco Rodrigues, 468 - Moraizao;(91) 3775-1794;2314436
Pará;São Caetano de Odivelas;Unidade Mista de São Caetano de Odivelas;Travessa Fernando Guilhon, s/n - Pepeua;Indisponível;3542017
Pará;São Domingos do Araguaia;Hospital Municipal de São Domingos do Araguaia;Rua Jerusalém, s/n - Novo São Domingos;(94) 3332-1060;2312298
Pará;São Felix do Xingu;Hospital Municipal Orzeu Jonas Guida;Avenida Antonio Marques Ribeiro, 1900 - Centro;(94) 98148-9121;2694891
Pará;São Felix do Xingu;Unidade Municipal Materno Infantil N. S. das Mercês;Avenida Antonio Marques Ribeiro, 1900 (anexo) - Centro;(94) 3435-1579;2694530
Pará;São Felix do Xingu;UPA 24h Xingu;Avenida Rio Xingu, s/n - Centro;(94) 98144-3778;9251170
Pará;São Domingos do Capim;Hosp. Municipal São Domingos do Capim;Rua Antonio Correia de Melo, 56 - Centro;(91) 98292-3779;2317958
Pará;São Geraldo do Araguaia;Hospital Municipal de São Geraldo do Araguaia;Avenida Mogno, 642 - Centro;(94) 98120-7673;2333430
Pará;São João da Ponta;Centro de Saúde Especial de São João da Ponta;Travessa 27 de Setembro, s/n - Centro;(91) 98461-0546;2312026
Pará;São João de Pirabas;HOSPITAL MUNICIPAL BOSCO MOISÉS;Avenida São Pedro, s/n - Colina;(91) 98508-6257;2676125
Pará;São João do Araguaia;Hospital Municipal Mário Martins;Rodovia Pedro Carneiro, s/n - Novo São João;(94) 3778-1329;2312387
Pará;São Miguel do Guamá;Hospital Municipal de São Miguel do Guamá;Avenida Américo Lopes, 262 - São Manoel;(91) 3446-2876;2676192
Pará;São Sebastião da Boa Vista;Unidade Mista de São Sebastião Boa Vista;Avenida das Acácias, s/n - Centro;(91) 3764-1534;2316021
Pará;Senador José Porfírio;Hospital Municipal de Senador José Porfirio;Rua 7 de Setembro, s/n - Centro;(91) 3556-1388;2330946
Pará;Soure;Hosp. Municipal Menino Deus;8ª Rua, s/n - Matinha;(91) 3741-1425;2316552
Pará;Tailândia;Hospital Geral de Tailândia;Av. Florianopolis S/N - Bairro Novo;(91) 3752-2131;6779069
Pará;Terra Santa;Hospital Municipal Frei Eliseu Eismann;Terra Santa;Indisponível;2619946
Pará;Tomé-Açu;Hospital Municipal de Tomé-Açu;Avenida Dionísio Bentes PA-140, s/n - Centro;(91) 3734-1234;2360411
Pará;Tracuateua;Hospital Municipal de Tracuateua;Avenida Bragança, s/n - Nova Esperança;(91) 98511-1813;6425542
Pará;Tucumã;Hospital Municipal Maternidade N. S. de Nazaré;Avenida Brasil, 1374 - Centro;(94) 3433-1270;2318180
Pará;Quatipuru;Unidade Mista/UBS;Rua Bernadino Gomes;(91) 98415-5649;2677024
Pará;Ulianópolis;Hospital Municipal de Ulianopolis;Rua Bahia, s/n - Caminho das Árvores;(91) 98136-6525;2317028
Pará;Uruará;Hospital Municipal de Uruará;Avenida Pará, 268 - Centro;(93) 3532-1366;2537028
Pará;Vigia;Hospital Municipal de Vigia;Avenida Barão de Guajará, s/n - Castanheira;(91) 3731-1248;2314002
Pará;Vitoria do Xingu;Hospital Municipal de Vitoria do Xingu;Avenida Manoel Felix de Farias, s/n - Centro;(94) 3429-1241;2616181
Pará;Viseu;Hospital das Bem Aventuranças;Rua da Piçarreira, s/n - Piçarreira;Indisponível;4006429
Pará;Xinguara;Unidade de Pronto Atendimento de Xinguara;BR-155 Esquina com Avenida Hermes Dantas, s/n - Centro;(94) 99280-4653;7155840
Paraíba;João Pessoa;Hospital Universitário Lauro Wanderley;R. Tabeliao Estanislau Eloy, 585 - Castelo Branco;(83) 3206-0600;2400243
Paraíba;Guarabira;Hospital Regional de Guarabira;R João Pimentel Filho, S/N - Juá, Guarabira;(83) 3271-4933;2603802
Paraíba;Campina Grande;Hospital Regional de Emergência e Trauma Dom Luiz Gonzaga;R. Av. Mal. Floriano Peixoto, 1045, Malvinas - CEP 58432-809;(83) 3310-5850;2362856
Paraíba;Picuí;Hospital Regional de Picuí DR. Felipe Thiago Gomes;R. Francisco Pereira Gomes, 15, Monte Santo - CEP 58187-000;(83) 3371-2554;2757710
Paraíba;Monteiro;Hospital e Maternidade Santa Filomena;R. Epaminondas Azevedo, Centro - CEP 58500-000;(83) 3351-2204;2336812
Paraíba;Patos;Hospital Infatil Noaldo Leite;R. Hildo Menezes - Juá Doce - CEP 58704-540;(83) 3423-2501;2605481
Paraíba;Patos;Hospital Regional Deputado Janduhy Carneiro;R. Horácio Nóbrega, S/N, Belo Horizonte - CEP 58704-000;(83) 3423-2762;2605473
Paraíba;Piancó;Hospital Regional Wenceslau Lopes;Av. João Agripino Filho - Ouro Branco - Piancó - CEP 58765-000;(83) 3452-2201;2600331
Paraíba;Itaporanga;Hospital Distrital Dr. José Gomes da Silva;Av. Oswaldo Cruz, 183, Centro - CEP 58780-000;(83) 3451-3058;2341204
Paraíba;Catolé do Rocha;Hospital Regional Dr. Américo Maia de Vasconcelos;R. Castelo Branco, 349, Batalhão - CEP 58884-000;(83) 3441-2280;2592460
Paraíba;Cajazeiras;Hospital Regional de Cajazeiras Deputado José de Sousa Maciel;Rua Tabelião Antonio Holanda - Centro - Cajazeiras - CEP 58900-000;(83) 3531-3563;2613476
Paraíba;Princesa Isabel;Hospital Regional Deputado José Pereira de Lima;R. Teotônio Carlos de Andrade;(83) 3457-2585;2321637
Paraíba;Itabaiana;Hospital Regional de Itabaiana Sebastião Rodrigues de Melo;Av. Dep. Adauto Pereira da Silva - Nova Itabaiana - CEP 58360-000;(83) 3281-2640;6644996
Paraíba;Sousa;Hospital Regional Manoel Gonçalves de Abrantes;Rua José Fagundes de Lira, S/N, Jardins - CEP 58802-180;(83) 3522-6183;2504537
Paraná;Adrianópolis;CS Olímpio Gonçalves dos Santos;Rua Cassiano Rosa dos Santos, s/n - Centro;(41) 3678-1507;13102
Paraná;Agudos do Sul;US 24h Moysés Lupion;Rua Rui Barbosa, 179 - Centro;(41) 3624-1293;13129
Paraná;Almirante Tamandaré;Unidade de Saúde 24 horas Almirante Tamandaré;Rua Lourenço Angelo Buzato, 592 - Vila Santa Terezinha;(41) 3699-4840;7463529
Paraná;Altamira do Paraná;Hospital Municipal São Francisco;Rua João Alves Fernandes, s/n - Centro;(42) 3655-1254;2733528
Paraná;Altonia;Hospital Municipal de Altonia;Rua da Bandeira, 1080 - Centro;(44) 3659-1801;2781700
Paraná;Ampére;Hospital e Maternidade Santa Rita;Rua Visconde de Guarapuava, s/n - São Francisco;(46) 3547-1000;5621674
Paraná;Apucarana;Hospital da Providência;Rua Rio Branco, 518 - Centro;(43) 3420-1400;2439360
Paraná;Apucarana;HONPAR Hospital Norte Paranaense;Rodovia BR 218 Km 1, s/n - Rodovia;(43) 3275-0200;2576341
Paraná;Arapongas;Irmandade Santa Casa de Arapongas;Rua Calú, 155 - Centro;(43) 3172-4500;2576198
Paraná;Arapoti;Hospital Municipal 18 de Dezembro;Rua Saladino de Castro, 1575 - Centro;(43) 3557-1420;2687011
Paraná;Araruna;Hospital Público Municipal Dr. Moacir Micheletto;Rua Eraclides Alves Gouveia, 630 - Centro;(44) 3562-1244;109258
Paraná;Araucária;Centro de Saúde 24h NIS III;Rua Guilherme da Mota Correia, 55 - Centro;(41) 3614-1603;2753146
Paraná;Assis Chateaubriand;Hospital Beneficente Theodoro B. Beck;Rua Curitiba, 165 - Jardim América;(44) 3528-4228;4051165
Paraná;Assis Chateaubriand;Hospital São Lucas;Rua 15 de Novembro, 220 - Centro;(44) 3528-4321;4051181
Paraná;Balsa Nova;Centro Médico Bom Jesus;Rua Getúlio Vargas, 657 - Centro;(41) 3636-1212;13579
Paraná;Bandeirantes;Santa Casa de Misericórdia de Bandeirantes;Avenida Edelina Meneguel Rando, 1489 - Centro;(43) 3542-4483;2577410
Paraná;Barbosa Ferraz;Hospital Municipal Arnaldo Coneglian;Rua Bolívia, 151 - Vila Nova;(44) 3275-1791;3587010
Paraná;Bituruna;Hospital São Vicente de Paula;Avenida Bento Munhoz da Rocha Neto, 1299 - São Vicente;(42) 3553-8000;2549263
Paraná;Boa Vista da Aparecida;Hospital Municipal São José;Rua 22 de Dezembro, 1060 - Centro;(45) 3287-1552;6326269
Paraná;Bocaiúva do Sul;Hospital Santa Júlia;Rua Marechal Deodoro da Fonseca, 385 - Centro;(41) 3658-1278;2681498
Paraná;Borrazópolis;Hospital Municipal de Borrazópolis;Avenida Rio Grande do Sul, 102 - Centro;(43) 3452-1092;2573423
Paraná;Campina da Lagoa;Hospital e Maternidade N. Sra. Graças;Rua Firmo de Souza, 270 - Centro;(44) 3542-1135;2733285
Paraná;Campina Grande do Sul;Hospital Angelina Caron;Rodovia do Caqui, 1150 - Araçatuba;(41) 3679-8200;13633
Paraná;Campo do Tenente;Pronto Atendimento 24 horas São Luiz;Rua Maria Clara Brandão Tesseroli, 89 - Centro;(41) 3628-1284;13773
Paraná;Campo Largo;Centro Médico Hospitalar;Rua Adhemar de Barros, 3615 - Bom Jesus;(41) 3292-2944;13854
Paraná;Campo Largo;Hospital do Rocio;Rua Maria Aparecida de Oliveira, 599 - Loteamento São Jerônimo;(41) 3136-2515;13846
Paraná;Campo Mourão;Hospital Santa Casa de Misericórdia;Rodovia PR-558, s/n - Área Urbanizada;(44) 3810-2100;14109
Paraná;Candói;Instituto de Saúde Santa Clara;Rua Pedro Rocha de Abreu, 193 - Centro;(42) 3638-1157;2742020
Paraná;Capanema;Hospital do Sudoeste;Rua Tupinambás, 191 - Centro;(46) 3552-1441;2586061
Paraná;Capitão Leônidas Marques;Hospital Nossa Senhora da Aparecida - APMI;Rua Pedro Dalibra, s/n - Cidade Baixa;(45) 3286-1215;2571811
Paraná;Cascavel;Hospital Universitário do Oeste do Paraná (HUOP);Avenida Tancredo Neves, 3224 - Santo D'Onofre;(45) 3321-5151;2738368
Paraná;Cascavel;Hospital de Ensino São Lucas (FAG);Rua Engenheiro Rebouças, 2219 - Centro;(45) 3219-6464;2738309
Paraná;Cascavel;Hospital do Coração;Rua Carlos de Carvalho, 4191 - Centro;(45) 3039-4848;2738252
Paraná;Castro;Hospital da Cruz Vermelha de Castro;Rua Doutor Otavio Novaes Jr, 190 - Jardim Social Arapongas;(42) 3233-8000;2683210
Paraná;Castro;Unidade de Pronto Atendimento Moacir Elias Fadel;Rua Renato Menarim (prolongamento), s/n - Rio Branco;(42) 3906-2288;6914624
Paraná;Cerro Azul;Casa de Saúde Dr. Ênio Costa;Rua Barão do Rio Branco, 185 - Centro;(41) 3662-1284;2767678
Paraná;Céu Azul;Hospital Bom Samaritano;Rua Florianópolis, 2346 - Iguaçu;(45) 3266-1770;2572192
Paraná;Chopinzinho;Policlínica Chopinzinho - Instituto São Rafael;Rua Coronel Santiago Dantas, 4535 - Centro;(46) 3242-8181;7039344
Paraná;Cianorte;FUNDHOSPAR Fundação Hospitalar do Paraná;Rua Piratininga, 659 - Centro;(44) 3351-1470;2735989
Paraná;Cianorte;Hospital São Paulo;Rua Constituição, 489 - Centro;(44) 3019-1288;2733676
Paraná;Cianorte;UPA Unidade de Pronto Atendimento Bongiorno;Avenida Piauí, 201 - Zona 04;(44) 3637-3332;9000739
Paraná;Clevelândia;Associação Pro Saúde de Clevelândia;Rua São Sebastião, 483 - São Sebastião;(46) 3252-1144;2738120
Paraná;Contenda;Hospital e Maternidade Miquelina Franco e Elias Padilha;Rua Desembargador Lauro Lopes, 647 - Centro;(41) 3625-1131;15180
Paraná;Corbélia;Hospital Santa Simone;Rua Amor Perfeito, 220 - Centro;(45) 3242-1149;2738279
Paraná;Cornélio Procópio;Santa Casa de Cornélio Procópio;Avenida Nossa Senhora Rocio, 1165 - Centro;(43) 3520-1600;2582449
Paraná;Coronel Vivida;Instituto Médico Nossa Vida de Coronel Vivida;Rua Duque de Caxias, 312 - Centro;(46) 3232-1344;2595125
Paraná;Coronel Vivida;UPA I Unidade de Pronto Atendimento de Coronel Vivida;Rua Romário Martins, 154 - Centro;(46) 3232-4401;7096518
Paraná;Cruz Machado;Hospital Municipal Santa Terezinha;Avenida Presidente Getúlio Vargas, 310 - Centro;(42) 3554-1294;2549328
Paraná;Curitiba;UPA Boa Vista;Avenida Paraná, 3564 - Boa Vista;(41) 3251-1010;17396
Paraná;Curitiba;UPA Boqueirão;Rua Profª Maria de Assumpção, 2590 - Boqueirão;(41) 3217-1259;2438917
Paraná;Curitiba;UPA Cajuru;Rua Engenheiro Benedito Mario da Silva, 555 - Cajuru;(41) 3261-4099;5323436
Paraná;Curitiba;UPA Campo Comprido;Avenida Monsenhor Ivo Zanlorenzi, 3495 - Campo Comprido;(41) 3373-4955;2639548
Paraná;Curitiba;UPA CIC;Rua Senador Accioly Filho, 3370 - Cidade Industrial;(41) 3314-5121;5323495
Paraná;Curitiba;UPA Fazendinha;Rua Carlos Klemtz, 1883 - Fazendinha;(41) 3314-5112;2639467
Paraná;Curitiba;UPA Pinheirinho;Rua Leon Nicolas, s/n - Raso;(41) 3212-1471;3827836
Paraná;Curitiba;UPA Sítio Cercado;Rua Levy Buquera, 700 - Sítio Cercado;(41) 3378-6052;2639556
Paraná;Curitiba;UPA Tatuquara;Rua Jornalista Emílio Zolá Florenzano, 835 - Tatuquara;(41) 3349-2874;9214097
Paraná;Curiúva;Hospital Municipal;Rua Munhoz da Rocha, 307 - Centro;(43) 3545-2332;3024628
Paraná;Dois Vizinhos;Hospital Pró-Vida;Rua Inês Pinzon, 611 - Centro Norte;(46) 3536-6991;5232511
Paraná;Dois Vizinhos;Hospital São Judas;Rua Oswaldo Cruz, 55 - Centro Norte;(46) 3536-1121;2666626
Paraná;Doutor Ulysses;Pronto Atendimento Deputado Aníbal Khury;Avenida São João Batista, s/n - Centro;(41) 3664-1218;2681579
Paraná;Engenheiro Beltrão;Santa Casa de Misericórdia de Engenheiro Beltrão;Avenida Ivaí, 684 - Centro;(44) 3537-1388;2735962
Paraná;Fazenda Rio Grande;Hospital e Maternidade Nossa Senhora Aparecida;Avenida Francisco Claudino dos Santos, 430 - Iguaçu;(41) 3627-1122;17574
Paraná;Foz do Iguaçu;Hospital Municipal Padre Germano Lauk;Rua Adoniran Barbosa, 370 - Jardim das Bandeiras;(45) 3521-1951;5061989
Paraná;Francisco Beltrão;Hospital Regional do Sudoeste;Rodovia Contorno Sul, 200 - Água Branca;(46) 3520-9200;6424341
Paraná;Francisco Beltrão;Policlínica São Vicente de Paula;Rua Vereador Romeu Lauro Werlang, 1343 - Centro;(46) 3520-1616;2666723
Paraná;General Carneiro;Pronto Atendimento de General Carneiro;Rua Presidente Castelo Branco, 497 - Monte Castelo;(42) 3552-1211;9358129
Paraná;Goioerê;Pronto Atendimento de Goioerê;Avenida Bento Munhoz da Rocha Neto, s/n - Santa Casa;(44) 3522-2783;2734893
Paraná;Grandes Rios;Hospital Municipal Victor de Souza Pinto;Avenida Brasil, 822 - Centro;(43) 3474-1381;2573318
Paraná;Guaíra;Unidade de Pronto Atendimento;Rua Osvaldo Cruz, 1070 - Centro;(44) 3642-1833;7541228
Paraná;Guaíra;Hospital Beneficente Assiste Guaíra;Rua Comandante Morães Rêgo, 130 - Centro;(44) 3642-1503;2810123
Paraná;Guaraniaçu;Hospital Santo Antônio;Rua Rio Grande do Sul, 182 - Centro;(45) 3232-1391;2572443
Paraná;Guaraniaçu;Hospital de Caridade São Vicente de Paulo;Avenida Abilon de Souza Naves, 122 - Centro;(45) 3232-1422;2573075
Paraná;Guarapuava;Hospital Santa Tereza;Rua Marechal Floriano Peixoto, 1059 - Centro;(42) 3621-7800;2741989
Paraná;Guaraqueçaba;Hospital Regional do Litoral Lucy Requião de Mello e Silva;Rua Pedro Alves, 1283 - Centro;(42) 3621-6200;6903967
Paraná;Guaratuba;Pronto Atendimento Municipal;Rua Guilherme Pequeno, s/n - Cohapar;(41) 3472-8666;2680963
Paraná;Ibaiti;Fundação Hospitalar de Saúde Municipal de Ibaiti;Rua Francisco de Oliveira, 692 - Centro;(43) 3546-2331;4053214
Paraná;Ipiranga;Hospital Municipal de Ipiranga;Rua Tereza de Jesus, s/n - Centro;(42) 3242-1878;2686740
Paraná;Iporã;Hospital e Maternidade Municipal Cyro Silveira;Rua Katsuo Nakata, 1779 - Centro;(44) 3652-1414;2738171
Paraná;Irati;Santa Casa de Irati;Rua Zeferino Bittencourt, 1111 - Centro;(42) 3423-1311;2783789
Paraná;Irati;Hospital Agnus Dei;Rua Albino Grigoletti, 105 - Cansianas;(42) 3422-3564;6473687
Paraná;Iretama;Hospital Municipal Santa Rosa de Lima;Rua Geraldo Vieira Gomes, s/n - Centro;(44) 3573-1850;2733560
Paraná;Itaipulândia;Hospital Maternidade de Itaipulândia;Rua XV de Novembro, 2940 - Centro;(45) 3559-1151;2582627
Paraná;Itaperuçu;UAPSF Itaperuçu;Rua Alcides Gomes da Silva, s/n - Santa Maria;(41) 3603-3315;6767680
Paraná;Ivaí;Hospital Municipal de Ivaí;Rua Rio Branco, 406 - Centro;(42) 3247-1333;2687089
Paraná;Ivaiporã;Hospital Bom Jesus;Avenida Castelo Branco, 825 - Centro;(43) 3472-5311;2590727
Paraná;Ivaiporã;Instituto Lucena Sanchez;Avenida Brasil, 1725 - Centro;(43) 3472-5440;2590182
Paraná;Jaboti;Hospital Jaime Canet;Avenida Tiradentes, 25 - Centro;(43) 3622-1265;2781743
Paraná;Jacarezinho;Santa Casa de Misericórdia de Jacarezinho;Avenida Getulio Vargas, 1248 - Centro;(43) 3527-1022;2783800
Paraná;Jaguariaíva;Hospital Municipal Carolina Lupion;Rua Sebastião Xavier Sobrinho, 592 - Cidade Alta;(43) 3535-5070;2687038
Paraná;Jandaia do Sul;Pronto Atendimento Municipal;Rua Clementino Puppio, 566 - Centro;(43) 3432-1421;2573326
Paraná;Jesuítas;Hospital e Maternidade Jesuítas;Avenida Padre Viêira, 443 - Centro;(44) 3535-1084;2781751
Paraná;Joaquim Távora;Hospital Comunitário Dr. Lincoln Graça;Rua Tenente Ubirajara de Souza, 633 - Centro;(43) 3559-1344;2781719
Paraná;Jussara;Hospital Municipal de Jussara;Rua Independência, 410 - Vila João de Deus;(44) 3628-1935;2733463
Paraná;Kaloré;Hospital Municipal São Lucas;Rua Professora Onice de Melo Souza, 715 - Centro;(43) 3453-1188;2573415
Paraná;Lapa;Hospital Regional da Lapa São Sebastião;Rodovia do Xisto, Km 194, s/n - Colônia Wirmond;(41) 3547-8800;17663
Paraná;Laranjeiras do Sul;Hospital São Lucas;Rua XV de Novembro, 1113 - Centro;(42) 3635-1384;2742071
Paraná;Loanda;Hospital e Maternidade Municipal Seitugu Hirata;Rua Cristóvão Colombo, 67 - Centro;(44) 3425-2213;2753774
Paraná;Londrina;Hospital Universitário Regional do Norte do Paraná (CIATox - Londrina);Avenida Robert Koch, 60 - Vila Operária;(43) 3371-2244;2781859
Paraná;Manoel Ribas;Hospital Municipal Santo Antônio;Avenida Sete de Setembro, 1754 - Centro;(43) 3435-2142;2588242
Paraná;Marechal Cândido Rondon;Unidade de Pronto Atendimento Marechal Cândido Rondon;Rua Presidente Costa e Silva, 510 - Líder;(45) 3284-1351;9614990
Paraná;Marechal Cândido Rondon;Hospital Rondon;Rua Cabral, 985 - Centro;(44) 3284-7200;4053907
Paraná;Marechal Cândido Rondon;Hospital Municipal Dr. Cruzatti;Rua 12 de Outubro, 1382 - Centro;(44) 3254-1252;7117485
Paraná;Mallet;Hospital de Caridade São Pedro;Rua Vicente Machado, 548 - Centro;(42) 3542-1202;2554011
Paraná;Mandirituba;Hospital Municipal de Mandirituba;Praça Bom Jesus, 23 - Centro;(41) 3626-1133;17779
Paraná;Mangueirinha;Hospital São Judas Tadeu Associação Saúde de Mangueirinha;Rua Castro Alves, 699 - Centro;(46) 3243-1213;2595265
Paraná;Maringá;Hospital Universitário de Maringá - CIATox;Avenida Mandacaru, 1590 - Zona 7;(44) 3011-9431;2587335
Paraná;Marmeleiro;Hospital N. Sra. Graças;Avenida Dambros e Piva, 210 - Centro;(46) 3525-3336;2585367
Paraná;Marumbi;Hospital Municipal Bom Jesus;Avenida Tiradentes, 1090 - Centro;(43) 3444-1134;2572265
Paraná;Medianeira;Unidade de Pronto Atendimento 24h;Avenida Brasil, s/n - Itaipu;(45) 3264-8686;9198695
Paraná;Nova Aurora;Hospital Dr. Aurelio;Rua Alagoas, 305 - Centro;(45) 3243-1231;2573172
Paraná;Nova Cantu;Hospital Municipal Alvadi Monticelli;Rua Vereador Francisco de Morais, 399 - Centro;(44) 3527-1190;2733358
Paraná;Nova Esperança do Sudoeste;Hospital São Matheus;Rua Brasil, 90 - Centro;(46) 3546-1210;2587645
Paraná;Nova Prata do Iguaçu;Policlínica Nova Prata do Iguaçu;Avenida Iguaçu, 808 - Centro;(46) 3545-1214;2586088
Paraná;Nova Tebas;Hospital Municipal Dr. Antônio Pietrobon;Rua Luiza Laitner Moleta, 915 - Centro;(42) 99858-1735;2587823
Paraná;Palmas;Instituto Santa Pelizzari;Avenida Barão do Rio Branco, 1066 - Centro;(46) 3263-1181;2738287
Paraná;Palmeira;Hosp. Madre Tereza de Calcutá;Rua Francisco Cherobin, 299 - Vila Maria;(42) 3252-3637;2686910
Paraná;Palmeira;Santa Casa de Misericórdia;Rua Coronel Ferreira Ottoni Maciel, 166 - Centro;(42) 3252-3435;2686929
Paraná;Palotina;Hospital Municipal Prefeito Quinto Abrão Delazari;Rua Pioneiro, 348 - Centro;(44) 3913-1084;4054695
Paraná;Paranaguá;Hospital Regional do Litoral;Rua Presidente Getúlio Vargas, 222 - Palmital;(41) 3420-7400;2687127
Paraná;Paranavaí;Santa Casa de Paranavaí;Rua Rio Grande do Sul, 2425 - Centro;(44) 3421-8300;2754738
Paraná;Pato Branco;ISSAL Instituto de Saúde São Lucas;Rua Dr. Silvio Vidal, 67 - Centro;(46) 3220-3544;17884
Paraná;Pato Branco;Policlínica Pato Branco;Rua Pedro Ramires de Mello, 361 - Centro;(46) 2101-2101;17868
Paraná;Pato Branco;UPA 24h;Rua Marechal Deodoro, 2021 - Cristo Rei;(46) 3225-1032;7759967
Paraná;Paulo Frontin;Hospital São João Batista;Rua Rui Barbosa, 209 - Centro;(42) 3543-1102;2559188
Paraná;Piên;Centro de Saúde de Piên;Rua Belo Horizonte, 92 - Centro;(41) 2632-1291;18031
Paraná;Pinhais;UPA 24h Pinhais;Rua Renato Nunes Ribas, 731 - Centro;(41) 3059-9280;2822318
Paraná;Pinhalão;Hospital e Maternidade Santa Rita de Cássia;Rua Manoel Ribas, 315 - Centro;(43) 3569-1470;4054954
Paraná;Pinhão;Hospital Santa Cruz;Rua XV de Novembro, 800 - Centro;(42) 3677-1231;2742039
Paraná;Piraí do Sul;Hospital Municipal Santo Antonio;Rua Joanino Milléo, 49 - Centro;(42) 3237-6250;2687046
Paraná;Piraquara;UPA 24h Armando Neme Filho;Rodovia João Leopoldo Jacomel, s/n - Primavera;(41) 3590-3758;7309708
Paraná;Pitanga;Hospital São Vicente de Paulo;Rua João Gonçalves Padilha, 190 - Centro;(42) 3646-3144;2742098
Paraná;Planalto;Hospital N. Sra. de Lourdes;Rua Paraná, 1568 - Centro;(46) 3555-1143;2584832
Paraná;Ponta Grossa;Hospital Municipal Dr. Amadeu Puppi;Rua Augusto Ribas, 81 - Centro;(42) 3220-7800;2683202
Paraná;Porto Amazonas;Pronto Atendimento Municipal Menino Jesus;Rua Manoel Ribas, 85 - Centro;(42) 3256-1234;2687054
Paraná;Pranchita;Fundação Hospitalar da Fronteira Pranchita;Rua João Freddo esq. Avenida Capibaribe, 383 - Centro;(46) 3540-1270;2584573
Paraná;Pranchita;Hospital Santa Rosa;Rua Julio Giongo, 300 - Centro;(46) 3540-1942;2584808
Paraná;Prudentópolis;Hospital Sagrado Coração de Jesus;Rua Marechal Floriano Peixoto, 1377 - Centro;(42) 3446-1333;2742012
Paraná;Prudentópolis;Hospital Irmandade da Santa Casa;Rua Cândido de Abreu, 1400 - Centro;(42) 3446-1236;2743388
Paraná;Quedas do Iguaçu;Ambulatório Municipal Auri Antonio Sanson;Rua Quiri, 1666 - Centro;(46) 3532-1344;2572818
Paraná;Quitandinha;Hospital Cristo Rei;Rua Padre Francisco, 1450 - Centro;(41) 3623-1311;2817667
Paraná;Rebouças;Hospital de Caridade Dona Darcy Vargas;Rua Armando Costa, 619 - Centro;(42) 3457-1300;2554097
Paraná;Reserva;Hospital Menino Jesus;Rua Generoso Marques, 772 - Centro;(42) 3276-1273;2740575
Paraná;Reserva;Centro de Saúde de Reserva;Rua Benjamin Branco, 762 - Centro;(42) 3276-8600;2740478
Paraná;Ribeirão Claro;Santa Casa de Ribeirão Claro;Rua Zacarias Boueiri, s/n - Vila Gavioli;(43) 3536-1120;4055683
Paraná;Rio Azul;Hospital de Caridade São Francisco de Assis;Rua Coronel Hortêncio de Mello, 78 - Centro;(42) 3463-1212;2554429
Paraná;Rio Branco do Sul;Hospital Municipal de Rio Branco do Sul;Rua Generoso Marques, 414 - Centro;(41) 3973-8070;18600
Paraná;Rio Negro;Hospital Bom Jesus;Rua Capitão João Bley, 604 - Centro;(41) 3642-3470;18694
Paraná;Roncador;Hospital Municipal de Roncador;Rua São Paulo, 526 - Centro;(44) 3575-2516;7070179
Paraná;São José da Boa Vista;Hospital Municipal São José;Rua Coronel Francisco Lopes, 63 - Centro;(43) 3565-1224;2781824
Paraná;Salto do Lontra;Hospital Nossa Senhora de Fátima;Avenida Bertinho Warmling, 904 - Centro;(46) 3538-1180;2585340
Paraná;Santa Helena;Fundação Atitude;Avenida Rio Grande do Sul, 1030 - Centro;(45) 3268-3019;5288541
Paraná;Santa Izabel do Oeste;Casa de Saúde Santa Izabel do Oeste;Rua Angico (esq c/ Louro), 801 - Centro;(46) 3542-1177;2583712
Paraná;Santo Antonio da Platina;Hospital Municipal Nossa Senhora da Saúde;Praça São Benedito, 251 - Centro;(43) 3534-4212;2781816
Paraná;Santo Antônio do Sudoeste;Hospital e Maternidade Santa Izabel;Avenida Presidente Vargas, 1023 - Centro;(46) 3563-1186;2585057
Paraná;São João do Ivaí;Hospital Municipal de São João do Ivaí;R. Joaquim Montes, 90 - Centro;(43) 3477-8460;5412293
Paraná;São João do Triunfo;Hospital e Maternidade Imaculada Conceição;Rua Francisco Distéfano Almeida, 400 - Centro;(42) 3447-1261;2686813
Paraná;São Jorge do Oeste;Hospital Dr. Julio Zavala Barrientos;Avenida Iguaçu, 894 - Centro;(46) 3534-1213;2585030
Paraná;São Jorge do Patrocínio;Hospital Municipal Agnaldo Gouveia;Rua Américo Marciano de Melo, 394 - Jardim Novo Horizonte;(44) 3634-8046;2665352
Paraná;São José dos Pinhais;Hospital e Maternidade Municipal de São José dos Pinhais;Rua Paulino de Siqueira Cortês, 2304 - São Pedro;(41) 3283-5522;2753278
Paraná;São Mateus do Sul;UPA Afonso Pena / São Mateus do Sul;Rua Paulo Freire, 508 - Jardim Independencia;(41) 3385-3502;6849636
Paraná;São Mateus do Sul;Hospital Paulo Fortes;Rua Doutor Paulo Fortes, 22 - Centro;(42) 3523-3777;2549751
Paraná;São Miguel do Iguaçu;Hospital e Maternidade Municipal São Miguel Arcanjo;Rua Manoel Ribas, 125/193 - Centro;(45) 3565-8190;6657885
Paraná;Sengés;Pronto Socorro Municipal de Sengés;Rua Vereador Basílio Costa, s/n - Morungava;(43) 3567-1215;7974213
Paraná;Teixeira Soares;AAHTS;Rua João Ribeiro dos Reis, 663 - Centro;(42) 3460-1304;2557185
Paraná;Telêmaco Borba;Hospital Regional de Telêmaco Borba;Av. Mal. Floriano Peixoto, s/n;(42) 3272-7707;7442157
Paraná;Terra Boa;Hospital Municipal São Judas Tadeu de Terra Boa;Rua Teruo Sakuno, 1117 - Centro;(44) 3641-1162;2567466
Paraná;Terra Rica;Hospital Municipal Cristo Redentor;Avenida Santa Catarina, 1361 - Centro;(44) 3441-1444;2753804
Paraná;Tibagi;Hospital Luiza Borba Carneiro;Rua Frei Gaudêncio, 417 - Centro;(42) 3275-1282;2740567
Paraná;Tijucas do Sul;Hospital Nossa Senhora das Dores;Rua Deputado Leopoldo Jacomel, 37 - Centro;(41) 3629-1122;19194
Paraná;Toledo;HOESP;Rua Almirante Barroso, 2193 - Centro;(45) 2103-2000;4056752
Paraná;Toledo;Hospital Geral Unimed;Rua Rui Barbosa, 1515 - Centro;(45) 3379-7700;2809532
Paraná;Toledo;Hospital Dr. Campagnolo;Rua Nossa Senhora do Rocio, 1810 - Centro;(45) 3277-2020;2809990
Paraná;Toledo;UPA II Unidade de Pronto Atendimento;Avenida Maripa, 7964 - Vila Becker;(45) 3055-8736;7737866
Paraná;Toledo;Pronto Atendimento 24h Dr. Jorge Milton Nunes;Rua Cyro Fernando do Lago, 315 - Vila Pioneiro;(45) 3378-8680;4056698
Paraná;Tunas do Paraná;Posto de Saúde Colônia Marquês de Abrantes;Rua Principal, s/n - Colônia Marques;(41) 3659-5052;25607
Paraná;Tunas do Paraná;Unidade Mista de Saúde de Tunas do Paraná;Rua Eros Ruppel Abdalia, 229 - Centro;(41) 3659-1452;19208
Paraná;Turvo;Hospital Bom Pastor;Rua Paraná, 710 - Centro;(42) 3642-1181;2741962
Paraná;Ubiratã;Hospital e Maternidade Santa Casa de Ubiratã;Rua Benjamin Constant, 100 - Centro;(44) 3543-1332;2733633
Paraná;Umuarama;Associação Beneficente São Francisco de Assis;Avenida Angelo Moreira da Fonseca, 3415 - Centro;(44) 3621-9200;2679736
Paraná;Umuarama;Instituto Nossa Senhora Aparecida;Avenida Paraná, 3710 - Centro;(44) 3621-2177;2594366
Paraná;Umuarama;Hospital Norospar;Avenida Ipiranga, 3883 - Centro;(44) 3623-1299;3005011
Paraná;União da Vitória;Hospital Regional de Caridade Nossa Senhora Aparecida;Rodovia BR 476, Km 3, s/n - São Joaquim;(42) 3524-3388;2568349
Paraná;União da Vitória;Hospital Associação de Proteção a Maternidade e a Infância;Rua Cruz Machado, 615 - Centro;(42) 3521-5050;2568373
Paraná;União da Vitória;UPA 24h;Rua Prudente de Morais, 164 - Centro;(42) 3522-8541;9125582
Paraná;Verê;Hospital dos Trabalhadores Rurais de Verê;Rua José Alberton, 206 - Centro;(46) 3535- 1221;2586096
Pernambuco;Afogados da Ingazeira;Hospital Regional Emília Câmara;Rua Manoel Virgínio Sobrinho, 156-238;(87) 3838-8868;2428385
Pernambuco;Arcoverde;Hospital e Policlínica Rui de Barros Correia;Avenida Agamenon Magalhães, s/n - São Miguel;(87) 3821-8300;2551764
Pernambuco;Caruaru;Hospital Mestre Vitalino;Avenida Amazonas, 175 - Bairro Universitário;(81) 3725-7750;7498810
Pernambuco;Garanhuns;Hospital Dom Moura;Avenida Simoa Gomes, s/n - Heliópolis;(87) 3761-6100;2702983
Pernambuco;Goiana;Hospital Belarmino Correia;Praça Correia Picanço, s/n - Jardim Novo Mundo;(81) 3626-8639;2711885
Pernambuco;Jaboatão dos Guararapes;Hospital Jaboatão Prazeres;Rua Recife, s/n - Cajueiro Seco;(81) 3184-4201;2711990
Pernambuco;Limoeiro;Hospital Regional de Limoeiro;Rua Padre Nicolau Pimentel, 224 - Centro;(81) 3628-8800;2712032
Pernambuco;Ouricuri;Hospital Regional Fernando Bezerra;Rua Teobaldo Gomes Torres, 8 - Centro;(87) 3874-4844;2712040
Pernambuco;Palmares;Hospital Regional Sílvio Magalhães;BR 101, Km 185, s/n - Engenho Quilombo dos Palmares;(81) 3661-8400;2428393
Pernambuco;Petrolina;Hospital Universitário de Petrolina (HU-UNIVASF);Avenida José de Sá Maniçoba, s/n - Centro;(87) 2101-6501;6042414
Pernambuco;Petrolina;Hospital Dom Malan/IMIP (Pediatria);Avenida Joaquim Nabuco, s/n - Centro;(87) 3202-7000;2430711
Pernambuco;Recife;Hospital da Restauração;Gov. Agamenon Magalhães, s/n - Derby;(81) 3181-6453;655
Pernambuco;Salgueiro;Hospital Regional Inácio de Sá;Rua Antonio de Alencar Sampaio, 346 - Planalto;(87) 3276-1190;2356287
Pernambuco;Serra Talhada;Hospital Regional Professor Agamenon Magalhães;Rua Comandante Superior, 955 - Nossa Senhora da Penha;(87) 3831-9600;2348489
Pernambuco;Vitória de Santo Antão;Hospital João Murilo;Avenida Henrique de Holanda, 87 - Matriz;(81) 3526-8833;2712008
Piauí;Amarante;Hospital de Amarante;Praça Padre Virgilio, s/n - Centro;(86) 3292-1121;2364883
Piauí;Barras;Hospital Regional Leônidas Melo;Rua Santo Antônio, 210 - Centro;(86) 3242-1336;2323915
Piauí;Bom Jesus;Hospital Regional de Bom Jesus;Avenida Dr. Raimundo dos Santos, 546 - Centro;(89) 3562-1192;2364816
Piauí;Campo Maior;Hospital Regional de Campo Maior;Avenida do Contorno, s/n - São Luís;(89) 3252-1372;2777754
Piauí;Corrente;Hospital Regional Dr. João Pacheco Cavalcante;Rua Antonio Nogueira de Carvalho, s/n - Centro;(89) 3573-1465;2777770
Piauí;Floriano;Hospital Regional Tibério Nunes;Rua Antonino Freire, s/n - Manguinha;(89) 3522-1323;2365146
Piauí;Fronteiras;Hosp. Mun. Noberto Angelo Pereira;Rua José Aquiles de Sousa, s/n - Centro;(89) 3454-1152;2694301
Piauí;Oeiras;Hospital Regional Deolindo Couto;Rui Barbosa, 586 - Centro;(89) 3462-1714;2777762
Piauí;Parnaíba;Hospital Estadual Dirceu Arcoverde;Rua Rodrigo Coimbra, 1650 - Rodoviária;(86) 3323-7188;8015899
Piauí;Paulistana;Hospital Regional Mariana Pires Ferreira;Avenida Marechal Deodoro da Fonseca;(89) 3487-1400;2364913
Piauí;Picos;Hospital Regional Justino Luz;Praça Antenor Neiva, 184 - Bomba;(89) 3422-1314;4009622
Piauí;Piripiri;Hosp. Reg. Chagas Rodrigues;Avenida Dr. Pádua Oliveira, 300 - Morro da Saudade;(86) 3276-3362;2777746
Piauí;Sao João do Piauí;Hospital Regional Teresinha Nunes Barros;Avenida Cândido Coêlho, 1215 - Centro;(89) 3483-1518;2365383
Piauí;São Raimundo Nonato;Hospital Regional Senador José Candido Ferraz;Praça Coronel Neuton Rubem, 1351 - Aldeia;(89) 3582-3663;2777649
Piauí;Teresina;Inst. de Doenças Tropicais Natan Portela - IDTNP;Rua Gov. Raimundo Artur de Vasconcelos, 151 - Sul;(86) 3221-3413;2323338
Piauí;Uruçui;Hosp. Reg. Senador Dirceu Arcoverde;Avenida José Cavalcante, s/n - Centro;(89) 3544-2223;2323680
Piauí;Valença;Hospital Regional Estáquio Portela;Avenida Santos Dumont, s/n - Centro;(89) 3465-2804;2777789
Rio de Janeiro;Angra dos Reis;Hospital da Praia Brava;Rod. Gov. Mário Covas, Br 101 Km 524 Rua 8, s/nº - Praia Brava;(24) 3362-1272;2281384
Rio de Janeiro;Angra dos Reis;Hospital Geral de Japuiba;Rua Japoranga, 1700 - Japuiba;(24) 3368-7929;7354746
Rio de Janeiro;Araruama;Hospital Municipal Prefeito Armando da Silva de Carvalho;Rua Eduardo Américo da Costa, s/n - São Vicente de Paulo;(22) 99286-8581;2285150
Rio de Janeiro;Armação dos Búzios;Hospital Municipal Dr. Rodolpho Perissé;Avenida 12 de novembro - São José;(22) 2623-6051;6200702
Rio de Janeiro;Barra do Piraí;Hospital Nova Santa Casa de Barra do Piraí;Rua Franklin de Moraes, 67 - Centro;(24) 2447-2750;2287919
Rio de Janeiro;Campos dos Goytacazes;Hospital e Maternidade Maria de Nazaré;Rua Frutuoso Gil Gonçalves, 115 - Matadouro;(24) 3512-6100;2287927
Rio de Janeiro;Campos dos Goytacazes;Hospital Ferreira Machado;Rua Rocha Leão, 2 - Caju;(22) 98175-0150;2287579
Rio de Janeiro;Duque de Caxias;Hospital Municipal Adão Pereira Nunes;Rodovia Washington Luiz, S/N BR 040 KM 109;(21) 2777-5258;2290227
Rio de Janeiro;Itaboraí;Hospital Municipal Desembargador Leal Júnior;Avenida Prefeito Álvares de Carvalho Júnior, s/n - Nancilândia;(21) 3950-2207;2268922
Rio de Janeiro;Itaocara;Hospital Municipal de Itaocara;Praça Toledo Pizza, 151 - Centro;(22) 3861-2243;3470350
Rio de Janeiro;Itaperuna;Posto de Urgência de Itaperuna;Rua Cardoso Moreira, 897;(22) 3822-4657;2279274
Rio de Janeiro;Macaé;Hospital Municipal. Dr. Fernando Pereira da Silva;Rodovia RJ-168, Km 4, s/n - Virgem Santa;(22) 2773-0061;5412447
Rio de Janeiro;Macaé;Hosp. Público Mun. da Serra Evangelina Flores da Silva;Manoel Pereira Carneiro da Silva, s/n - Trapiche;(22) 2793-3251;7655703
Rio de Janeiro;Mangaratiba;Hosp. Mun. Victor de Souza Breves;Avenida Nilo Peçanha, 85 - Centro;(21) 2789-6012;2288109
Rio de Janeiro;Miguel Pereira;Hospital Municipal Luiz Gonzaga;Rua Adelaide Badenes, 400;(24) 2484-5049;2283239
Rio de Janeiro;Niterói;Hospital Universitário Antônio Pedro;Rua Marques do Paraná, 303 - Centro;(21) 2629-9059;12505
Rio de Janeiro;Nova Friburgo;Hospital Municipal Raul Sertã;Rua General Osório, 324 - Centro;(21) 2524-2300;2272784
Rio de Janeiro;Paraíba do Sul;Hospital Nossa Senhora da Piedade;Av. Provedor Randolpho Penna Júnior, 320 - Vila Nicolau Melick;(24) 98167-0027;2276186
Rio de Janeiro;Paraty;Hospital Municipal Hugo Miranda;Avenida São Pedro de Alcântara, s/n - Pontal;(24) 3371-6551;2704587
Rio de Janeiro;Petrópolis;UPA Cascatinha;R. Bernardo Proença, 500 - Cascatinha;(24) 2246-8931;6922597
Rio de Janeiro;Petrópolis;UPH Pedro do Rio;Estr. União Indústria, 19691;(24) 2223-2035;4751140
Rio de Janeiro;Resende;Hosp. Mun. de Emergência Henrique Sérgio Gregori;Avenida Marcílio Dias, 800 - Jardim Jalisco;(24) 3381-2080;2288893
Rio de Janeiro;Rio de Janeiro;Hospital Municipal Lourenço Jorge;Avenida Ayrton Senna, 2000 - Barra da Tijuca;(21) 3111-4736;2270609
Rio de Janeiro;Rio de Janeiro;Hospital Pedro II;Rua do Prado, 325 - Santa Cruz;(21) 2419-4782;6995462
Rio de Janeiro;São Francisco de Itabapoana;Hosp. Mun. Manoel Carola;Rua Nilton Mayerhoffer Pessanha, 48 - Ponto de Cacimbas;(22) 2789-0606;2291320
Rio de Janeiro;Teresópolis;Hospital de Clínica Constantino Ottaviano;Rua Delfim Moreira, 2211 - Vale Paraíso;(21) 2741-4900;2297795
Rio de Janeiro;Três Rios;UPA 31;Avenida Zoelo Solla, 2100 - Triângulo;(24) 2255-1998;6426174
Rio de Janeiro;Valença;Hospital Escola de Valença;R. Cel Leite Pinto, 20 - Centro;(24) 2453-3133;2292912
Rio de Janeiro;Vassouras;Hospital Universitário de Vassouras;Avenida Marechal Paulo Torres, s/n - Centro;(24) 2471-8406;2273748
Rio de Janeiro;Volta Redonda;Hospital Municipal Dr Nelson dos Santos Gonçalves;Rua Governador Luiz Monteiro Portela, 298 - Aterrado;(24) 3512-8500;2708078
Rio Grande do Norte;Caicó;Hospital Regional Telecila Freitas Fontes;Acesso do Perímetro Irrigado Sabugí, s/n - Paulo IV;(84) 3421-9621;6778550
Rio Grande do Norte;Mossoró;Hospital Regional Tarcísio Maia;Rua Antônio Vieira de Sá, s/n – Aeroporto;(84) 3315- 3379/3414;2389061
Rio Grande do Norte;Natal;Hospital Giselda Trigueiro;Rua Cônego Monte, 110 – Quintas;(84) 3232-7944;4013484
Rio Grande do Norte;Natal;Hosp. Pediátrico Maria Alice Fernandes;Avenida Pedro Álvares Cabral, s/n - Parque dos Coqueiros;(84) 3232- 7717/5408;2654261
Rio Grande do Norte;Pau dos Ferros;Hospital Regional Dr. Cleodon Carlos de Andrade;BR 405, Km 03, 1971 - Arizona;(84) 3351-9841;2409275
Rio Grande do Sul;Alegrete;UPA;Rua Mestre Cacaio, 1636, Canudos;(55) 3422-2888;7648227
Rio Grande do Sul;Arroio do Tigre;Hospital Santa Rosa de Lima;Rua Dom Guilherme Muller, 932, Centro;(51) 3747-1222;2234424
Rio Grande do Sul;Bagé;Santa Casa de Caridade de Bagé;Rua Gomes Carneiro, 1350, Centro;(54) 3240-3200;2261987
Rio Grande do Sul;Bom Retiro do Sul;Hospital de Caridade Sant'Ana;R. Antônio Moraes Viegas, 133;(51) 3766-1244;2252023
Rio Grande do Sul;Caçapava do Sul;Hospital de Caridade Doutor Victor Lang;Avenida Coronel Coriolano de Castro, 920, Centro;(55) 3281-4164;2234416
Rio Grande do Sul;Cachoeira do Sul;Hospital de Caridade e Beneficência;Rua Saldanha Marinho, 48, Centro;(51) 3722-0800;2266474
Rio Grande do Sul;Camaquã;Hospital Nossa Senhora Aparecida;Rua Cristovão Gomes de Andrade, 665, Centro;(51) 3671-7900;2257548
Rio Grande do Sul;Cambará do Sul;Fundação Hospitalar Saúde São José;Rua Padre João Paza, 315, Centro;(54) 3251-1167;5602742
Rio Grande do Sul;Canguçu;Hospital de Canguçu;Rua José Albano de Souza, 140, Centro;(53) 3252-1100;2232928
Rio Grande do Sul;Canoas;Hospital de Pronto Socorro de Canoas;Rua Caçapava, 100, Mathias Velho;(51) 3415-4500;3626245
Rio Grande do Sul;Caxias do Sul;Hospital Geral de Caxias do Sul;Rua Professor Antônio Vignoli, 255, Presidente Vargas;(54) 3218-7200;2223538
Rio Grande do Sul;Cruz Alta;Hospital São Vicente de Paulo;Avenida Venâncio Aires, 163, Centro;(55) 3321-2400;2263858
Rio Grande do Sul;Encantado;Hospital Beneficente Santa Terezinha;R. Júlio de Castilhos, 791 - Centro;(51) 3751-3111;2252228
Rio Grande do Sul;Encruzilhada do Sul;Hospital Santa Bárbara;Avenida Coronel Honório Carvalho, 878, Centro;(51) 3733-1267;2234432
Rio Grande do Sul;Erechim;Fundação Hospitalar Santa Terezinha de Erechim;Rua Itália, 919, Centro;(54) 3520-2100;2707918
Rio Grande do Sul;Esteio;Hospital São Camilo;Avenida Castro Alves, 948, Tamandaré;(51) 2126-8300;2232030
Rio Grande do Sul;Frederico Westphalen;Hospital Divina Providência;Rua Sete de Setembro, 90, Centro;(55) 3744-4888;2228602
Rio Grande do Sul;Horizontina;Hospital Oswaldo Cruz;Rua Oswaldo Cruz, 154, Centro;(55) 3537-1818;7607547
Rio Grande do Sul;Ibirubá;Hospital da Comunidade Annes Dias;Rua Diniz Dias, 309, Centro;(54) 3199-1700;5395674
Rio Grande do Sul;Ijuí;Hospital de Caridade de Ijuí;Avenida David José Martins, 152, Centro;(55) 3331-9300;2261057
Rio Grande do Sul;Lajeado;Hospital Bruno Born;Avenida Benjamin Constant, 881, Centro;(51) 3714-7500;2252287
Rio Grande do Sul;Montenegro;Hospital Montenegro;Rua Assis Brasil, 1621, Centro;(51) 3632-1233;2257556
Rio Grande do Sul;Nova Bassano;Hospital ACONSEL;Rua Pinheiro Machado, 982, Centro;(54) 3273-2500;5230241
Rio Grande do Sul;Novo Hamburgo;Hospital Municipal de Novo Hamburgo;Avenida Pedro Adams Filho, 6520, Centro;(51) 3272-3272;2232146
Rio Grande do Sul;Osório;Hospital São Vicente de Paulo;Rua João Sarmento, 391, Centro;(51) 3663-3377;2257815
Rio Grande do Sul;Palmeira das Missões;ASS-Caridade - Associação Hosp. Caridade;Rua Marechal Deodoro, 251;(55) 3742-9000;2235323
Rio Grande do Sul;Palmitinho;Hospital Santa Terezinha;Rua Carlos Gomes, 320 - Centro;(55) 3791-1150;2228580
Rio Grande do Sul;Passo Fundo;Hospital São Vicente de Paulo;Rua Teixeira Soares, 808, Centro;(54) 3316-4000;2246988
Rio Grande do Sul;Pelotas;Pronto Socorro de Pelotas;Avenida Bento Gonçalves, 4590;(53) 2128-8305;4550773
Rio Grande do Sul;Porto Alegre;Hospital Cristo Redentor;Rua Domingos Rubbo, 20, Cristo Redentor;(51) 3357-4100;2265060
Rio Grande do Sul;Porto Alegre;Hospital de Pronto Socorro;Largo Teodoro Herzl, s/nº - Bom Fim;(51) 3289-7999;2778718
Rio Grande do Sul;Rodeio Bonito;Associação Hosp. São José;R. Júlio de Castilhos, 290, Centro;(55) 3798-1433;2228734
Rio Grande do Sul;Santa Cruz do Sul;Hospital Santa Cruz;Rua Fernando Abott, 174, Centro;(51) 3713-7400;2254964
Rio Grande do Sul;Santa Maria;Hospital Universitário de Santa Maria;Avenida Roraima, 1000, Prédio 22, Comobi;(55) 3213-1400;2244306
Rio Grande do Sul;Santa Rosa;Hospital Vida e Saúde;Rua Doutor Francisco Timm, 656, Centro;(55) 3512-5050;2254611
Rio Grande do Sul;Santo Ângelo;Associação Hosp. Caridade de Santo Ângelo;Avenida Antônio Manoel, 701, Centro;(55) 3312-1376;2259907
Rio Grande do Sul;São Borja;Hospital Ivan Goulart;Avenida Presidente Vargas, 1440, Centro;(55) 3431-1650;2248298
Rio Grande do Sul;São Jerônimo;Hospital de Caridade São Jerônimo;Rua Rio Branco, 1008, Bela Vista;(51) 3651-8500;6424236
Rio Grande do Sul;São Leopoldo;Fundação Hospital Centenário;Avenida Theodomiro Porto da Fonseca, 799, Fião;(51) 3591-1400;2232022
Rio Grande do Sul;São Luiz Gonzaga;Hospital São Luiz Gonzaga;Rua General Portinho, 1425, Centro;(55) 3352-4000;2259893
Rio Grande do Sul;São Sebastião do Caí;Hospital Sagrada Família;Rua Madre Regina Protmann, 567, Centro;(51) 3635-6500;2227908
Rio Grande do Sul;Sapucaia do Sul;Hospital Getúlio Vargas;Rua Pinheiro Machado, 331, Dihel;(51) 3451-8200;2232162
Rio Grande do Sul;Sarandi;Hospital Comunitário;Rua Cosmo Favretto, 676, Centro;(54) 3361-5750;2235404
Rio Grande do Sul;Sobradinho;Hospital São João Evangelista - Unidade II;Avenida João Antônio, 747, Centro;(51) 3742-2294;9016554
Rio Grande do Sul;Tenente Portela;Associação Hosp. Beneficente Santo Antônio;Rua Romário Rosa Lopes, 42, Centro;(55) 3551-3600;5384117
Rio Grande do Sul;Torres;Hospital Nossa Senhora dos Navegantes;Rua Manoel de Matos Pereira, 260, Centro;(51) 3626-9354;2707950
Rio Grande do Sul;Tramandaí;Hospital Tramandaí;Avenida Emancipação, 1255, Centro;(51) 3684-0300;6813895
Rio Grande do Sul;Uruguaiana;Hospital Santa Casa de Uruguaiana;Rua Domingos José de Almeida, 3801, São Miguel;(55) 3414-5500;2248190
Rio Grande do Sul;Vacaria;Hospital Nossa Senhora das Oliveiras;Rua Pinheiro Machado, 448, Centro;(54) 3231-7000;2241048
Rio Grande do Sul;Venâncio Aires;Hospital São Sebastião Mártir;Rua Tiradentes, 834, Centro;(51) 3793-2100;2236370
Rondônia;Alta Floresta;Hospital Municipal Vanessa E Vania Fuzari;Avenida Minas Gerais, 4850 Cidade Alta;(69) 3641-3394;2679477
Rondônia;Alto Alegre Dos Parecis;Hospital De Pequeno Porte Enfermeira Ana Neri;Avenida Costa E Silva Centro;(69) 3643-1437;
Rondônia;Alto Paraíso;Hospital de Pequeno Porte Osvaldo Cruz;Rua Emiliano Lopes, 3795;(69) 3534-2660;2798484
Rondônia;Buritis;Hospital Regional De Buritis;Rua Vale Do Paraíso, 2340 Setor 03;(69) 3238-2406;2807076
Rondônia;Cabixi;Hospital Unidade Mista De Cabixi.;Rua Carijós N° 3338 Centro;(69) 3345-2356;2808528
Rondônia;Cacoal;Hospital De Urgência E Emergência Regional De Cacoal (HEURO);Avenida Rosilene Xavier Transpadini, 2200 - Jardim Eldorado;(69) 3441-2747;7704364
Rondônia;Cerejeiras;Hospital São Lucas;Rua Nova Zelândia N°1192 Centro;(69) 3342-2422;2334801
Rondônia;Chupinguaia;U M José Ivaldo De Souza;Rua Osvaldo Cruz N° 1495 Centro;(69) 3346-1103;2806711
Rondônia;Colorado Do Oeste;Hospital Municipal Dr Pedro Grangeiro Xavier.;Rua Castanheira N°2711 - Minas Gerais.;(69) 3341-4295;28080544
Rondônia;Corumbiara;Maria Aparecida Maurício;Av J.K. N° 2163 Centro;(69) 3343-2293;2808552
Rondônia;Costa Marques;Unidade Mista De Costa Marques;Avenida Cabixi, 2026 - Centro;(69) 3631-2303;2808560
Rondônia;Cujubim;Unidade Básica De Saúde Vanildo Chagas Hadman;Av: Maracanã, S/N - Centro;Indisponível;7499264
Rondônia;Espigão Do Oeste;Hospital Municipal Angelina Georgetti;Rua Paraná, 3357 - Liberdade;(69) 3912-8054;2808587
Rondônia;Gov. Jorge Teixeira;Unidade Mista De Saúde;Rua Ypê Travessa Copaiba Nº 2527;(69) 3524-1467;2808595
Rondônia;Guajará-Mirim;Hospital Regional Perpétuo Socorro De Guajará Mirim;Avenida Marechal Deodoro, S/N - Centro;(69) 3913-1533;2497468
Rondônia;Ji-Paraná;Hospital Dr. Claudionor Couto Roriz;Rua Dom Bosco, 1300 - Dom Bosco;(69) 3416-4097;2495279
Rondônia;Ji-Paraná;UPA - Anna Beatriz Oliveira Da Silva;Rua Sena Madureira, 99, Bairro São Pedro;Indisponível;506745
Rondônia;Mirante Da Serra;Hospital Municipal De Miante Da Serra SAMUEL MARQUES;Rua Minas Gerais, S/N.;(69) 99366-5981;2808625
Rondônia;Monte Negro;Hospital Municipal De Monte Negro;R. Francisco Prestes, 2576 - Setor 2;(69) 999493-3219;4003039
Rondônia;Nova Brasilândia;Hospital Municipal Ancelmo Bianchini;Rua Pirarara, 2551 - Setor 14;Indisponível;2808633
Rondônia;Porto Velho;Centro De Medicina Tropical;Avenida Guaporé, 415 - Lagoa;(69) 3216-2202;2493853
Rondônia;Porto Velho;Hospital Regional De Extrema;Rua Abunã, 308 - Vila Extrema;(69) 3252-1502;5618347
Rondônia;Presidente Médici;Hospital E Maternidade Eufrasia Maria Da Conceição;Rua Otavio Rodrigues De Matos;(69) 3471-2830;2495414
Rondônia;Rio Crespo;Hospital De Pequeno Porte Elias De Oliveira Lima;Rua Ermelindo Milani, 1293 - Setor 02;(69) 3539-2036;36613-9464
Rondônia;Rolim De Moura;Hospital Municipal Amélio João Da Silva;Avenida Cuiabá, 5414 - Planalto;(69) 3442-1192;2495228
Rondônia;São Francisco Do Guaporé;Hospital Regional De São Francisco;Av Brasil N° 4375 Bairro Cidade Alta;(69) 3621-2059;5296773
Rondônia;Sao Miguel D Guaporé;Hospital Massao Okamoto;Rua Valdemar Coelho Nº 2340;(69) 3642-2690;2808668
Rondônia;Theobroma;Hospital Municipal José Almerindo do rosario;Av. pres. Jânio Quadros 1829, Theobroma, Ro;(69) 3523-1023;4003357
Rondônia;Urupá;Hospital Municipal Jorge Cardoso De Sá (HPP);Avenida Moacir De Paula Vieira;(69) 3413-2726;2743612
Rondônia;Vale Do Paraíso;Hospital De Pequeno Porte Isabel Batista De Oliveira;Avenida Rondônia, 1967 - Setor 04;(69) 3464-1273;2744422
Rondônia;Vilhena;Hospital Regional Adamastor Queiroz, 4531 - Jardim América;Avenida Sabino Bezerra De Queiroz;(69) 3321-3821;2798484
Roraima;Amajari;Unidade Básica Jacir Vicente IOP;Avenida Antonio José Altino, s/n - Tepequem;(95) 3593-1087;2319705
Roraima;Bonfim;Hospital Pedro Álvares Rodrigues;Avenida Tuxaua de Farias, s/n - Centro;(95) 3552-1221;2320045
Roraima;Caracaraí;Unidade Mista Irmã Aqulina;Rua P 02, s/n - Santa Luzia;(95) 3532-1217;2476649
Roraima;Iracema;Unidade Mista Irmã Camila;Rua Heloi Pereira, s/n - Centro;(95) 3543-1454;2320762
Roraima;Mucajaí;Hospital José Guedes Catão;Rua Marlene Araujo, s/n - Centro;(95) 3542-1386;2320886
Roraima;Normandia;Unidade Mista Ruth Quitéria;Rua Ruth Quitéria, 7 - Centro;(95) 3262-1210;2320541
Roraima;Rorainópolis;Hospital Regional Sul Gov. Ottomar de Souza Pinto;Rod. BR 174, s/n - Centro;(95) 3238-2362;7470371
Roraima;São João da Baliza;Unidade Mista São João da Baliza;Avenida Perimetral Norte, s/n - Centro;(95) 3235-1152;2476703
Roraima;São Luiz;Hospital Francisco Ricardo Macedo;Avenida Macapá, s/n - Centro;(95) 3537-1414;2320800
Roraima;Alto Alegre;Hospital Epitácio Andrade de Lucena;Avenida Santo Amaro, s/n;(95) 3263-1360;4004876
Roraima;Alto Alegre;PB Maloca Paapiú;Distrito Sanitário Especial Indígena YANOMAMI;Indisponível;7163231
Roraima;Alto Alegre;PB Palimiú;Distrito Sanitário Especial Indígena YANOMAMI;Indisponível;6856497
Roraima;Alto Alegre;UBSI Kataroa;Distrito Sanitário Especial Indígena YANOMAMI;Indisponível;6935602
Roraima;Alto Alegre;PB Surucucu;Distrito Sanitário Especial Indígena YANOMAMI;Indisponível;6934404
Roraima;Alto Alegre;PB Xitei;Distrito Sanitário Especial Indígena YANOMAMI;Indisponível;6554350
Roraima;Alto Alegre;PB Auaris;Distrito Sanitário Especial Indígena YANOMAMI;Indisponível;6784542
Roraima;Boa Vista;CASA DO ÍNDIO - CASAI LESTE;Distrito Sanitário Especial Indígena LESTE / BR 174, S/N;(95) 2121-0636;9406190
Roraima;Boa Vista;Hospital da Criança Santo Antônio;Avenida das Guianas, 1645 - 13 de Setembro;Indisponível;2320681
Roraima;Pacaraima;Unidade Básica de Saúde Porte IV da Comunidade do Contão / DSEI LESTE;Distrito Sanitário Especial Indígena LESTE / Polo Base Canta Galo;Indisponível;2995433
Roraima;Pacaraima;Hospital Délio de Oliveira Tupinambá;Rua Caribe, s/n - Centro;(95) 3592-1984;2476827
Santa Catarina;Araranguá;Hospital Regional Deputado Afonso Guizzo (HRA);R. Castro Alves, 303;(48) 3521.1300;2691515
Santa Catarina;Jacinto Machado;Hospital Beneficente São Roque;Rua Governador Jorge Lacerda, 184;(48) 3535.1111;2299836
Santa Catarina;Meleiro;Hospital São Judas Tadeu;R. São Judas Tadeu, 120;(48) 3537.8600;2305534
Santa Catarina;Praia Grande;Hospital Praia Grande;R. Expedicionário Miguel Cardoso, 546;(48) 3532.0139;2305623
Santa Catarina;Timbé do Sul;Hospital Santo Antônio;R. Zelindo Savi, 67;(48) 3536.1122;2299569
Santa Catarina;Turvo;Hospital São Sebastião;R. Nereu Ramos, 1200;(48) 3525.0333;2305097
Santa Catarina;Blumenau;Hospital Santa Isabel;R. Floriano Peixoto, 300;(47) 3321.1000;2558246
Santa Catarina;Blumenau;Hospital Misericórdia;R. Max Hauf, 211;(47) 3378.1110;2522209
Santa Catarina;Blumenau;Hospital Santo Antônio;R. Itajaí, 545;(47) 3231.4000;2558254
Santa Catarina;Brusque;Hospital Arquidiocesano Consul Carlos Renaux;R. Azambuja, 1089;(47) 3396.2200;2537141
Santa Catarina;Gaspar;Hospital Nossa Sra. do Perpétuo Socorro;R. José Krauss, 97;(47) 3332.0109;2691485
Santa Catarina;Indaial;Hospital Beatriz Ramos;R. Des. Alves Pedrosa, 185;(47) 3333.0500;2521873
Santa Catarina;Pomerode;Hospital e Maternidade Rio do Testo;R. Hermann Weege, 2727;(47) 3395.3800;2513838
Santa Catarina;Chapecó;Hospital Regional do Oeste;R. Florianópolis, 1448;(49) 3321.6500;2537788
Santa Catarina;Coronel Freitas;Hospital Nossa Senhora da Saúde;R. Ceará, 434;(49) 3347.0368;2537958
Santa Catarina;São Carlos;Associação Hospitalar Padre João Berthier;R. Osvaldo Cruz, 56;(49) 3325.4255;2538571
Santa Catarina;Concórdia;Hospital São Francisco;R. Marechal Deodoro, 915;(49) 3441.4500;2303892
Santa Catarina;Criciúma;Hospital São José;R. Júlio Gaidzinki, S/N;(48) 3431.1500;2758164
Santa Catarina;Içara;Hospital São Donato de Içara;R. Sete de Setembro, 461;(48) 3467.1200;2420015
Santa Catarina;Lauro Muller;Hospital Henrique Lage;R. Padre Cappeller, S/N;(48) 3464.3136;2419246
Santa Catarina;Morro Da Fumaça;Hospital de Caridade São Roque;R. Jorge Silva, 307;(48) 3434.1311;2419378
Santa Catarina;Nova Veneza;Hospital São Marcos;R. Dr. Carlos Gorini, 17;(48) 3436.1144;2691558
Santa Catarina;Orleans;Hospital Municipal Santa Otília;R. Miguel Couto, 800;(48) 3466.0171;2555840
Santa Catarina;Urussanga;Hospital Nossa Senhora da Conceição;Av. Presidente Vargas, 540;(48) 3441.1900;2419653
Santa Catarina;Canelinha;Fundação Hospitalar de Canelinha;Av. Prefeito Silvestre Nunes Jr., 200;(48) 3264.0417;2596784
Santa Catarina;Florianópolis;Hospital Universitário UFSC;R. Profa. Maria Flora Pausewang, s/n;(48) 3721.9100;3157245
Santa Catarina;Florianópolis;Hospital Infantil Joana de Gusmão;R. Rui Barbosa, 152;(48) 3251.9000;2691868
Santa Catarina;Nova Trento;Hospital Nossa Sra. Imaculada Conceição;R. Floriano Peixoto, 151;(48) 3267.0132;2778831
Santa Catarina;Santo Amaro da Imperatriz;Hospital São Francisco de Assis;R. Tereza Cristina, 181;(48) 3245.1212;2418177
Santa Catarina;São José;Hospital Regional de São José;R. Adolfo Donato da Silva, S/N;(48) 3271.9000;2555646
Santa Catarina;Balneário Camboriú;Hospital Municipal e Maternidade Ruth Cardoso;R. Angelina, s/n;(47) 3169.3700;6854729
Santa Catarina;Camboriú;Fundação Hospitalar de Camboriú - Pronto Atendimento;R. José Francisco Bernardes, 787;(47) 3365.4623;2691523
Santa Catarina;Itajaí;Hospital e Maternidade Marieta Konder Bornhausen;Av. Cel. Marcos Konder, 1111;(47) 3249.9400;2522691
Santa Catarina;Itajaí;Hospital Universitário Pequeno Anjo;Pça Gov. Irineu Bornhausen, 85;(47) 3249.5301;2744937
Santa Catarina;Luiz Alves;Hospital Luiz Alves;R. Prof. Simão Hess, 203;(47) 3377.1132;2672154
Santa Catarina;Navegantes;Hospital Nossa Senhora dos Navegantes;R. Natividade Costa, 641 - São Domingos;(47) 3065-9779;2674327
Santa Catarina;Guaramirim;Hospital e Maternidade Santo Antônio;R. João Butschardt, 05;(47) 3376.9400;2492342
Santa Catarina;Jaraguá do Sul;Hospital e Maternidade Jaraguá;R. dos Motoristas de 1936, 120;(47) 3274.3000;2306344
Santa Catarina;Jaraguá do Sul;Hospital São José;R. Dr. Waldomiro Mazurechen, 80;(47) 3274.5000;7847777
Santa Catarina;Massaranduba;Hospital Municipal João Schreiber;R. Rua 11 de Novembro, 3560;(47) 3379.3959;6722180
Santa Catarina;Campos Novos;Fundação Hospitalar Dr. José Athanázio;R. Nereu Ramos, 379;(49) 3541.0700;2379767
Santa Catarina;Joaçaba;Hospital Universitário Santa Terezinha;Tv. Domingos Floriani Bonato, 37;(49) 3551.9500;2560771
Santa Catarina;Joinville;Hospital Infantil Dr. Jeser Amarante Faria;R. Araranguá, 554;(47) 3145.1600;6048692
Santa Catarina;Joinville;Hospital Municipal São José;Av. Getúlio Vargas, 238;(47) 3441.6666;2436469
Santa Catarina;São Francisco do Sul;Hospital e Maternidade Nossa Senhora da Graça;R. Manoel Antônio Bueno, s/n;(47) 3471.3700;7105088
Santa Catarina;Anita Garibaldi;Hospital Frei Rogério;R. Frei Rogério, 248;(49) 3543.0111;2300435
Santa Catarina;Lages;Hospital Nossa Senhora dos Prazeres;R. Hercílio Luz, 35;(49) 3221.6400;2543001
Santa Catarina;Lages;Hospital Infantil Seara do Bem;Av. Luiz de Camões, 1511;(49) 3251.7700;2662914
Santa Catarina;Lages;UPA DRª Maria Gorete dos Santos;R. Roseno Frederico Vieira, s/nº;(49) 3251-7686;9944532
Santa Catarina;São Joaquim;Hospital de Caridade Coração de Jesus;R. Murilo Bortoluzzi, s/n;(49) 3233.0011;2300516
Santa Catarina;Canoinhas;Unidade de Pronto Atendimento Orestes Golanovski;R. Benjamin Constant, s/n, Boa Vista;(47) 3622.2520;2491095
Santa Catarina;Mafra;Hospital São Vicente de Paulo;R. Senador Salgado Filho, 983;(47) 3641.3600;2379333
Santa Catarina;Porto União;Hospital de Caridade São Braz;R. Frei Rogério, 579;(42) 3521.2200;2543044
Santa Catarina;São Bento do Sul;Hospital e Maternidade Sagrada Família;R. Henrique Schwarz, 10;(47) 3631.0200;2521792
Santa Catarina;Ibirama;Hospital Dr. Waldomiro Colautti;R. Três de Maio, 998;(47) 3357.2555;2691884
Santa Catarina;Ituporanga;Hospital Bom Jesus;Praça Irmã Paulina, 470;(47) 3533.7150;2377829
Santa Catarina;Rio Do Sul;Hospital Regional Alto Vale;R. Tuiuti, 218;(47) 3521.2000;2568713
Santa Catarina;Taió;Hospital e Maternidade Dona Lizette;R. Quatro de Outubro, 115;(47) 3562.0226;2377616
Santa Catarina;Guaraciaba;Hospital São Lucas;R Dom Pedro 1, 835;(49) 3645.0137;2378116
Santa Catarina;Maravilha;Hospital São José;Av. Sul Brasil, 580;(49) 3664.0078;2538180
Santa Catarina;São Miguel do Oeste;Hospital Regional Terezinha Gaio Basso;R. São Cristovão, 335;(49) 3631.1800;6683134
Santa Catarina;Armazém;Hospital Santo Antônio;Praça Dois Corações, 21;(48) 3645.0120;2550938
Santa Catarina;Braço Do Norte;Hospital Santa Terezinha;R. Jacob Batista Uliano, 1370;(48) 3654.2244;2665883
Santa Catarina;Imbituba;Hospital São Camilo;Av. Brasil, 938;(48) 3255.0205;2385880
Santa Catarina;Rio Fortuna;Hospital Fundação Médico Social Rural;Av. Sete de Setembro, 1000;(48) 3653.1144;2386038
Santa Catarina;São Martinho;Fundação Médico Social Rural São Martinho;R. Francisco Bechkauser, s/n;(48) 3645.6088;2550881
Santa Catarina;Tubarão;Hospital Nossa Senhora da Conceição;R. Vidal Ramos, 215;(48) 3631-7000;2491710
Santa Catarina;Caçador;Hospital Maicé;R. Bolivia, 54;(49) 3561.2811;2301830
Santa Catarina;Curitibanos;Hospital Hélio Anjos Ortiz;R. Altino G. de Farias, 1832;(49) 3245.4600;2302101
Santa Catarina;Xanxerê;Hospital Regional São Paulo;R. Celestino do Nascimento, 373;(49) 3441.7777;2411393
São Paulo;Adamantina;Santa Casa de Misericórdia;Rua Joaquim Luiz Viana, 209 Vila Cicma;(18) 3502-2200;2077647
São Paulo;Águas de Lindóia;Hospital São Camilo Águas de Lindóia;Rua Santa Catarina, 158 - Centro;(19) 3824-1122;2077558
São Paulo;Altinópolis;Hospital de Misericódia Altinópolis;Rua Coronel Joaquim Alberto, 421 - Centro;(16) 3665-7200/9624;2716593
São Paulo;Americana;Hospital Municipal;Avenida da Saúde, 415 - Jd. N. Sra. Fátima;(19) 3471-6750;2058790
São Paulo;Amparo;Santa Casa Anna Cintra;Rua Ana Cintra, 332-Centro;(19) 3807-4477;2078848
São Paulo;Andradina;Santa Casa de Andradina;Avenida Guanabara, 730 - Centro;(18) 3702-1100;2082691
São Paulo;Angatuba;Hospital Angatuba;Praça Levi Lisboa, 1202 - Centro;(15)3255-1055/1122;2082748
São Paulo;Apiaí;Hospital Doutor Ademar de Barros;Rua Primeiro de Maio, 336 Centro;(15) 3552-1266;2082098
São Paulo;Araçatuba;Santa Casa de Araçatuba;Rua Floriano Peixoto, 896 - Vila Mendonça;(18) 3607-3000;2078775
São Paulo;Araraquara;Unidade de Retaguarda do Melhado;Rua Eitor Bim, nº 91, Vila Suconaza, Araraquara;(16) 3305-1500;4047184
São Paulo;Araras;Hospital São Luiz de Araras;Praça Dr. Narciso Gomes, 49 - Centro;(19) 3543-5400;2081253
São Paulo;Assis;UPA Ruy Silva;;(18) 3322-3553/3302-6069;7640307
São Paulo;Atibaia;Santa Casa de Atibaia;Rua Osmar Luchini, 670 Jardim Aeroporto;(11) 4411-0062;5366828
São Paulo;Auriflama;Santa Casa de Auriflama;Praça Dr. Miguel Vairo, 104 Centro;(17) 3482-1282;2081768
São Paulo;Avaré;Santa Casa de Misericórdia;Rua Alfredo Dainesi, 59-52 Centro;(14) 3711-9100;2083604
São Paulo;Bananal;Unidade Mista de Saúde Mons. Cid França Santos;Rua Paraíba, 1003 - Centro;(12) 3116-1288/1957;2087642
São Paulo;Bariri;Santa Casa de Misericórdia de Bariri;Avenida Bom Jesus 134-Centro;(14) 36626522;2791676
São Paulo;Barra Bonita;HOSPITAL E MATERNIDADE SÃO JOSÉ;RUA 14 DE DEZEMBRO,490-CENTRO;(14) 36417114;2082632
São Paulo;Barra do Turvo;Pronto Socorro de Barra do Turvo;Rua Vereador Firmino Pedroso dos Santos, 375 - Boa Esperança;(15) 3578-9420;7631103
São Paulo;Barretos;Santa Casa de Barretos;Avenida 23, 1208 - Centro;(17) 3321-2500;2092611
São Paulo;Batatais;UPA Batatais José Antônio da Silva Neto;Avenida Moacir Dias de Morais, 525 - Joaquim Marinheiro;(16) 3761-9474/9499;6997600
São Paulo;Bauru;Pronto Socorro Municipal Central (PSMC);Rua Rubens Arruda, Qd. 07, s/n;(14) 3104-1160/1166;4047303
São Paulo;Bauru;UPA Bela Vista;Rua Marçal de Arruda Campos, Quadra 4-45 - Vila Lemos;(14) 3102-1213/1212/1214/1234;6822576
São Paulo;Bebedouro;Hospital Municipal de Bebedouro;Avenida Raul Furquim, 2010-Jardim Julia;(17) 3344-8100;2082381
São Paulo;Bertioga;Hospital Municipal de Bertioga;Praça Vicente Molinari, s/n - Vila Itapanhau;(13) 3319-9900;2083272
São Paulo;Birigui;Pronto Socorro Municipal Dr. Alceu Lot;Rua Luiz Oba, 249 - Patrimônio Silvares;(18) 3638-8580;9200223
São Paulo;Bocaina;Santa casa de Misericórdia de Bocaina;Rua Cerqueira César, 239 Centro;(14) 3666-1190;2791730
São Paulo;Boracéia;Pronto Atendimento Municipal de Boracéia;Rua Antônio de Freitas Pereira, 300 Centro;(14)32959105;9276203
São Paulo;Botucatu;Hospital da Clínicas da Faculdade de Medicina de Botucatu;Avenida Prof. Mario Rubens Guimarães Montenegro, s/n - UNESP Botucatu;(14) 3811-6129;2748223
São Paulo;Bragança Paulista;Hospital Universitário S. Francisco na Providência de Deus;Avenida São Francisco de Assis, 218 - Cidade Universitária;(11) 2454-8681;2704900
São Paulo;Brotas;Hospital Santa Terezinha;Av. Rui Barbosa, 703 - Centro, Brotas - SP, CEP 17380-000;(14)3653-9100;2665883
São Paulo;Buri;Pronto Atendimento Municipal Ítalo Santucci;Rua Rui Barbosa, 158 - Centro;(15) 3546-1133;6539939
São Paulo;Buritama;Santa Casa de Misericórdia São Francisco;Rua Guilherme Guerbas, 353 - Centro;(18) 3691-9535;2079461
São Paulo;Caçapava;Hospital N. Sra. D'Ajuda (FUSAM);Rua Pereira de Matos, 63 - Centro;(12) 3654-8800;2024756
São Paulo;Caconde;Santa Casa de Misericórdia;Rua Padre de Angelis, 39;(19) 3662-1711;2080222
São Paulo;Cajati;Hospital Municipal Reynaldo Guerra;Avenida dos Trabalhadores, s/n - Jardim Central;(13) 3854-8500;2078805
São Paulo;Cajuru;CS II Centro de Saúde de Cajuru;Rua Capitão José F. Diniz, 473 - Centro;(16) 3667-9947;2022451
São Paulo;Campinas;Complexo Hospitalar Prefeito Edivaldo Orsi;Avenida Ruy Rodrigues, 3434 Jardim Yeda;(19) 3772-8347/8373;6053858
São Paulo;Campinas;Hospital das Clínicas da UNICAMP - CCI;Rua Vital Brazil, 251 - Barão Geraldo;(19) 3521-6700/7555;2079798
São Paulo;Campos do Jordão;Unidade Mista;Rua Harry Mauritz Lenin, s/n - Santa Cruz;(12) 3664-4424/5292;7947984
São Paulo;Cananéia;Santa Casa de Capão Bonito;Rua Luiz Wilson Barbosa, s/n - Retiro das Caravelas;(13) 3851-1419;2081822
São Paulo;Capão Bonito;Pronto Atendimento Municipal;Rua Dona Auta de Camargo Lírio, 51 - Centro;(15) 3542-1532;2079097
São Paulo;Capivari;Santa Casa de Misericórdia;Praça Dr. Mário Dias de Aguiar, 1- Centro;(19) 3491-9191;2748568
São Paulo;Caraguatatuba;UPA de Caraguatatuba;Avenida Maranhão, 451 - Jd. Primavera;(12) 3897-2100;7184689
São Paulo;Castilho;Hospital e Maternidade José Fortuna;Rua Nagib Muhana Zahi, 457 - Centro;(18) 3741-1580;2079216
São Paulo;Catanduva;Hosp. Padre Albino;Rua Belém, 519 - Centro;(17) 3311-3023/3000;2089327
São Paulo;Clementina;Associação Hospitalar de Clementina;Rua Francisco Vasquez, 01 - Centro;(18) 3658-1142;2080982
São Paulo;Colina;Hospital José Venâncio;Praça Lamounier de Andrade, 126 - Centro;(17) 3341-1125;2095912
São Paulo;Colômbia;Hospital Municipal Júlio Rodrigues de Paula;Rua Antonio Prado, 807 - Centro;(17) 3335-1116/8787;2090376
São Paulo;Conchas;Hospital Municipal de Conchas;Rua Alexandre José, 87 - Centro;(14) 3845-8400;2700204
São Paulo;Cotia;Hospital Regional de Cotia;Avenida Odair Pacheco Pedroso, 171 - Jardim Monte Santo;(11) 4148-2222/4527;2792141
São Paulo;Cravinhos;Pronto Socorro Municipal de Cravinhos;Avenida Dona Rita Candida Nogueira, 48 - Centro;(16) 3951-9020;6325688
São Paulo;Cruzeiro;Santa Casa de Misericórdia;Avenida Major Novaes, 715-Centro;(12) 3184-7000;2024691
São Paulo;Cubatão;Pronto Socorro Central;Avenida 9 de Abril, 2800 - Vila Santa Rosa;(13) 3361-8786;8002428
São Paulo;Cunha;Santa Casa N. S. da Conceição;Avenida Padre Rodolfo, 320- Alto do Cruzeiro;(12) 3111-2926/2833;2079518
São Paulo;Dois Córregos;Santa Casa de Misericórdia Dois Corrégos;Avenida Dr Joaquim Roberto Ferreira Roebbelen Pinto, 896-Centro;(14) 36521211 - 3652 9933;2791692
São Paulo;Dracena;Santa Casa de Dracena;Rua Virgílio Pagnozzi, 822 - Centro;(18) 3821-8466;2750988
São Paulo;Duartina;Hospital Santa Luzia de Duartina;Rua Dr. Gil Borges, 226 - Centro;(14) 3282-8230;2790637
São Paulo;Eldorado;Pronto Atendimento Eldorado;Praça Engenheiro Bauer, 56 - Centro;(13) 3871-1927;2093022
São Paulo;Embu das Artes;Pronto Socorro Municipal;Avenida Elias Yasbeck, 1415-Centro;(11) 4785-0151;2077078
São Paulo;Embu-Guaçu;Unidade Mista de Saúde de Embu-Guaçu;Rua Celestino Apa, 50 - Jardim Emília;(11) 4661-1884;2072033
São Paulo;Espírito Santo do Pinhal;Hospital Francisco Rosas;Rua Teixeira Rios, 210 - Centro;(19) 3651-7373;2751623
São Paulo;Euclides da Cunha Paulista;UBS Vereador Antônio Teixeira Batata;Rua Helena Kill Diniz, 1621 Centro;(18) 3283-1277;2751208
São Paulo;Fartura;Santa Casa de Fartura;Praça Dr. José Sebastião de Oliveira, 44 - Centro;(14) 3382-1100;2092638
São Paulo;Fernandópolis;Santa Casa de Fernandópolis;Avenida Afonso Cáfaro, 2630-Jd. Santista;(17) 3465-6122;2093324
São Paulo;Ferraz de Vasconcellos;Hospital Dr. Osíris Florindo Coelho;R. Princesa Isabel, 270-Vila Correa;(11) 4675.3444;2080079
São Paulo;Franca;Santa Casa de Franca;Praça D. Pedro II, 1826 - Centro;(16) 3711-4000;2705982
São Paulo;Francisco Morato;Hospital Estadual Prof. Carlos da Silva Lacaz - Criança;Rodovia Manoel Silvério Pinto, 125 - Belém Estação;(11) 4489-9444;3028399
São Paulo;Franco da Rocha;Hospital Estadual Dr. Albano da Franca Rocha Sobrinho;Avenida Coqueiros, s/n - Centro;(11) 3336-8200;6878687
São Paulo;General Salgado;Santa Casa de General Salgado;Rua Nadyr Garcia, 555 - Centro;(17) 3832-1198/1699;2081652
São Paulo;Guairá;Santa Casa de Guairá;Rua 24, 872 - Paranoá;(17) 3332-7000;2078414
São Paulo;Guapiara;Hospital Municipal Joaquim Raimundo Gomes;Rua 21 de Abril, 19 - Centro;(15) 3547-1270/99639-5296;2083264
São Paulo;Guaraçaí;Hospital e Maternidade de Guaraçaí;Rua Benedito Ben-Hur Louzada, 1210 - Centro;(18) 3705-1279;2081520
São Paulo;Guararapes;Santa Casa de Guararapes;Avenida Marechal Floriano, 1602 - Centro;(18) 3661-1794;2081814
São Paulo;Guaratinguetá;UPA III;R. Rangel Pestana, 195 Centro;(12) 2131-1900 - Ramal 2030;3840573
São Paulo;Guarujá;Hospital Santo Amaro;Rua Quinto Bertoldi, 40 - Vila Maia;(13) 3389-1515;2754843
São Paulo;Guarulhos;Hospital Municipal da Criança e do Adolescente de Guarulhos;Rua José Maurício, 191 - Centro, Guarulhos - SP, CEP 07011-060;(11) 2475-9688;2080427
São Paulo;Guarulhos;Hospital Municipal de Guarulhos;Avenida Tiradentes, 3392 - Bom Clima;(11) 2475-7449;2082861
São Paulo;Iacri;Pronto Atendimento Municipal;Rua Bandeirantes, 1341 - Centro;(14) 3489-1294;2082578
São Paulo;Ibitinga;Santa Casa de Caridade e Maternidade;Rua Domingos Robert, 1090 Centro;(16) 3352-7711;2082640
São Paulo;Iepê;Hospital Municipal de Iepê;Rua José Simões Filho, 81 - Residencial Oiti;(18) 3264-1441;2750538
São Paulo;Igaraçu do Tietê;UPA-Domingos Bergamasco;Rua Maria do Carmo Nicolette Ortega, 168;14 997103613;2962888
São Paulo;Igarapava;Santa Casa de Igarapava;Rua Cel. Francisco Martins, 769 - Centro;(16) 3172-1611;2079348
São Paulo;Iguape;Unidade Mista de Iguape;Rua dos Estudantes, 40 - Centro;(13) 3841-3366;2081857
São Paulo;Ilha Comprida;Pronto Atendimento Municipal Valdir M. Sampaio;Avenida São Paulo, s/n - Adriana;(13) 3842-1629;2041979
São Paulo;Ilha Solteira;Hospital Regional de Ilha Solteira;Alameda Bahia, 618- Centro;(18) 3743-1500;2078511
São Paulo;Ilhabela;Hospital Municipal Gov. Mario Covas Jr.;Rua Prof. Malaquias de Oliveira Freitas, 154- Barra Velha;(12) 3895-3520;2747871
São Paulo;Indaiatuba;Hospital Augusto de Oliveira Camargo;Avenida Francisco de Paula Leite, 399 - Santa Cruz;(19) 3801-8200 R. 8347;2784602
São Paulo;Iporanga;Pronto Atendimento;Rua 12 de Janeiro, 17 - Centro;(15) 3556-1584;2042339
São Paulo;Ipuã;Santa Casa de Ipuã;Rua Ferdinando Fratin, 335-Centro;(16) 3832-1222;2080451
São Paulo;Itaberá;Hospital Municipal;Rua Vinte e Três de Maio, 385-Centro;(15) 3562-1336/99766-0948;7603274
São Paulo;Itanhaém;UPA Itanhaém;Rua Jose Ernesto Bechelli, s/n - Jd. Sabaúna;(13) 3427-1111;7711077
São Paulo;Itapecerica Serra;Maternidade Municipal Zoraide Eva das Dores;Rua Carlos Eduardo D. Tautico, 77 - Centro;(11) 4668-6803;2086271
São Paulo;Itapetininga;Hospital Dr. Leo Orsi Bernardes;Rua Padre Albuquerque, 245-Centro;(15) 3275-7800;3139050
São Paulo;Itapeva;Santa Casa de Misericórdia;Rua Santos Dumont, 433 - Centro;(15) 3521-9500/99763-8307;2027186
São Paulo;Itapevi;Hospital Geral de Itapevi;Rua Jesuino Joaquim da Silva, s/n - Jd. Nova Itapevi;(11) 4143-8600;2078104
São Paulo;Itapira;Hospital Municipal de Itapira;Rua Reverendo Alfredo Guimarães, 111 - São Benedito;(19) 3913-9393;2081091
São Paulo;Itapirapuã Paulista;Unidade Básica de Saúde da Família Itapirapuã Paulista;Rua Carlina Camargo de Oliveira, 52 - Centro;(15)3548-1310;2047772
São Paulo;Itápolis;SANTA CASA DE MISERICÓRDIA DE ITÁPOLIS;Rua Virgilio Pagnozzi, 822 - Centro;(14) 36521211;2791692
São Paulo;Itapuí;Hospital São José Itapui;Avenida Paes de Barros, 326-Centro;(14) 3664-8040;2079224
São Paulo;Itararé;Santa Casa de Misericórdia;Rua São Pedro, 30 - Centro;(15) 3532-3783/99713-4686;2081555
São Paulo;Itariri;Unidade Mista Taminato Tion;Rua Benedito Calixto, 260 Centro;(13) 3418-8000;7433654
São Paulo;Itatiba;Santa Casa de Misericórdia de Itatiba;Avenida da Saudade, 43 - Centro;(11) 4594-8899;2023709
São Paulo;Itirapina;Hospital São José Itirapina;Avenida Nove, 709 - Vila Cianeli;(19) 3575-9200;2798239
São Paulo;Itu;Santa Casa de Itu;Rua Joaquim Berbardes Borges, 372 - Centro;(11) 4013-8000;2092298
São Paulo;Ituverava;Santa Casa de Misericórdia de Ituverava;Praça Monsenhor João Rulli, 729 - Centro;(16) 3839-1200;2751704
São Paulo;Jacareí;UPA III Dr. Telmo de Almeida Cruz;Avenida Engenheiro David Monteiro Lino, 577 - Centro;(12) 3959-2270;9211861
São Paulo;Jacupiranga;Pronto Atendimento;Rua Eunice Carneiro de Paula, 101 - Centro;(13) 3864-3440;2078309
São Paulo;Jales;Unidade de Pronto Atendimento de Jales;Rua Sebastião Martins, 2373-Jardim Samambaia;(17) 3632-8747;7126484
São Paulo;Jaú;Santa Casa de Jaú;Rua Riachuelo, 1073 - Centro;(14) 3622-4040;2791722
São Paulo;José Bonifácio;Santa Casa de Misericórdia;Rua XV de Novembro, s/n - Bela Vista;(17) 3265-9022;2080095
São Paulo;Jundiaí;Hospital São Vicente de Paulo;Rua São Vicente de Paulo, 223 Centro;(11) 4583-8155;2786435
São Paulo;Jundiaí;Hospital Universitário;Praça Rotatória, s/n - Jardim Messina;(11) 4527-5700;3012212
São Paulo;Junqueirópolis;Santa Casa de Junqueirópolis;Rua Porto Alegre, 1221- Centro;(18) 3841-9420;2751003
São Paulo;Juquiá;Hospital Santo Antonio;Praça Felipe Fernandes, 108 Centro;(13) 3844-1422;2093030
São Paulo;Juquitiba;Unidade Mista de Saúde de Juquitiba;Rua José Antonio Nunes, 90 - Centro;(11) 4681-4226;4048660
São Paulo;Lagoinha;Centro de Saúde III;R: Antonio da Cunha Bueno, 25, cep:12130-000;(12) 36471238 r 29;2561549
São Paulo;Laranjal Paulista;Santa Casa de Laranjal Paulista;Rua Governador Pedro de Toledo, 633 - Centro;(15) 3383-9191;2079976
São Paulo;Leme;Santa Casa de Leme;Rua Padre Julião, 1213 - Centro;(19) 3573-6500;2078074
São Paulo;Lençóis Paulista;UPA de Lençóis Paulista;Rua Sete de Setembro, 600 Centro;(14) 3264-8668;5625416
São Paulo;Limeira;Santa Casa de Misericórdia;Avenida Antonio Ometto, 675-Vila Claudia;(19) 3446-6100;2081458
São Paulo;Lins;Santa Casa de Lins;Rua Pedro de Toledo, 486 - Centro;(14) 3533-2500;2758245
São Paulo;Lorena;Pronto Socorro Municipal;Rua Dom Bosco, 562 - Centro;(12) 3159-3344;2087111
São Paulo;Macaubal;Santa Casa de Macaubal;RUA SETE DE SETEMBRO, Nº 1203 - CENTRO, 15270-000;(17)3874-1408;2081792
São Paulo;Mairiporã;Hospital e Maternidade de Mairiporã;Rua Ipiranga nº 280, Centro;(11) 4419-4422;2086336
São Paulo;Marília;Hospital de Clínicas I HCFAMEMA (Adultos);Rua Doutor Reinaldo Machado, 255 - Fragata;(14) 3402-1744;2025507
São Paulo;Marília;Hospital de Clínicas II HCFAMEMA Unidade Materno Infantil (Crianças);Avenida Carlos Gomes, s/n Centro;(14) 3402-1744;2025523
São Paulo;Martinópolis;Santa Casa de Misericórdia Padre João Schneider;Rua José Henrique de Mello, 236 - Centro;(18) 3275-1000;2751011
São Paulo;Matão;Hospital Carlos Fernando Malzoni;Rua Sinharinha Frota, 556 Centro;(16) 3383-2500;2090961
São Paulo;Mineiros do Tietê;Pronto Atendimento Municipal de Mineiros do Tietê;Rua Subdelegado Ferrinho, 535-Centro;(14) 3646-3800;4048725
São Paulo;Miracatu;Unidade Hospitalar de Miracatu;Avenida Dona Evarista de Castro Ferreira, 77 - Centro;(13) 3847-7010;2072653
São Paulo;Mirandópolis;Hospital Estadual de Mirandópolis Dr. Oswaldo Brandi Faria;Avenida Dr. Raul da Cunha Bueno, 585 - Centro;(18) 3701-1611;2083019
São Paulo;Mirante do Paranapanema;AME Mirante;Avenida Zil Brasil, 320 - Centro;(18) 3991-1292;2062852
São Paulo;Mococa;UPA 24 Horas Dr. Amadeu Vieira Guerra;Avenida da Saudade, 189;(19) 3656-9200;9389822
São Paulo;Mogi das Cruzes;Hospital das Clínicas Luzia de Pinho Melo;Rua Manoel de Oliveira, s/n - Mogilar;(11) 3583-2800;2080680
São Paulo;Mogi Guaçu;Santa Casa de Mogi Guaçu;Rua Chico de Paula, 608 - Centro;(19) 3818-5943;2096463
São Paulo;Mogi Mirim;Pronto Socorro da Santa Casa de Mogi Mirim;Rua Maestro azevedo, Centro;(19) 3814-3000;2088193
São Paulo;Mongaguá;Unidade de Pronto Atendimento de Agenor de Campos;Avenida Monteiro Lobato, 9400 - Agenor de Campos;(13) 3507-1110/3506-5044;9364226
São Paulo;Monte Alto;Pronto Socorro Dr. Adaucto Freire de Andrade Monte Alto;Rua Jeremias de Paula Eduardo, 2287 - Centro;(16) 3242-2100/8358;4048830
São Paulo;Monte Aprazível;Irmandade da Santa casa de Misericórdia de Monte Aprazível;RUA SÃO JOÃO, 729, CENTRO, 15150-000 Centro;(17)3275-9510;2082667
São Paulo;Monteiro Lobato;Centro de Saúde III de Monteiro Lobato Dr. João Auriccho;Rua Antônio Alves Magalhães, 20 - Centro 124;(12) 3979-1124;2038110
São Paulo;Morro Agudo;Hospital São Marcos;Rua Sebastião Antonio Muniz, 164 - Parque Dom Pedro;(16) 3851-3000;2745801
São Paulo;Nova Campina;Unidade de Saúde João Rodrigues de Proença;R. JOÃO NUNES DE OLIVEIRA, 525 - CENTRO - 18435-000;(15) 3535-1264;2063999
São Paulo;Nova Granada;Santa Casa de Nova Granada;Avenida Dr. Hilberto A. Ferreira, 1271 - Centro;(17) 3262-2843;2082659
São Paulo;Novo Horizonte;Irmandade Santa Casa de Misericórdia;Rua Vinte e Oito de Outubro, 1202 - Centro;(17) 3542 9292/1020;2088487
São Paulo;Olímpia;Unidade de Pronto Atendimento 24h Wilson Zangirolami;Avenida Valdemar Lopes Ferraz, 288 - Centro;(17) 3281-6044/3280-6305;7040792
São Paulo;Orindiúva;Santa Casa de Orindiúva;AV. FRANCISCO TOMÁS AQUINO, 170-250, ORINDIÚVA - SP, 15480-000;(17)3816-1297;2063018
São Paulo;Orlândia;Hospital Beneficente Santo Antonio de Orlândia;Avenida 3, 941 - Centro;(16) 3820-4200;2745798
São Paulo;Ourinhos;Santa Casa de Ourinhos;Rua D. Pedro I, 716 - Vila Moraes;(14) 3322-1133;4049020
São Paulo;Ouroeste;Hosp. Municipal João Veloso Ouro Oeste;Avenida Bandeirantes, 1026 Centro;(17) 3843-1312;2716291
São Paulo;Panorama;Santa Casa de Panorama;Rua Manoel Fernandes da Cunha, 512- Centro;(18) 3871-1583;2079283
São Paulo;Paraguaçu Paulista;Santa Casa de Paraguaçu Paulista;Rua Caramuru, 568 - Centro;(18) 3361-1133;2082519
São Paulo;Paraibuna;Pronto Socorro Municipal de Paraibuna;Praça Dr. João Cavalcante Albuquerque, 23 - Centro;(12) 3974-0003;4049039
São Paulo;Paranapanema;Hospital Municipal Leonardus Van Mellis;Rua Urias Domingues Leite, s/n - Centro;(14) 3713-9131;6603378
São Paulo;Pariquera-Açu;Hospital Regional Dr. Leopoldo Bevilacqua;Rua dos Expedicionários, 140 Centro;(13) 3856-9600;2077434
São Paulo;Patrocínio Paulista;Santa Casa de Patrocínio Paulista;Rua Cônego Peregrino, 1281 Centro;(16) 3145-1121;2078449
São Paulo;Paulínia;Hospital Municipal de Paulínia;R. Miguel Vicente Cury, 100-Nova Paulínia, Paulínia - SP, 13140-000;(19) 3874-5500;2081059
São Paulo;Pedregulho;Santa Casa de Misericórdia de Pedregulho;Rua Tenente Salviano, 125 Centro;(16) 3171-2149;2080478
São Paulo;Pedro de Toledo;Unidade Mista de Pedro de Toledo;Avenida Coronel Raimundo Vasconcelos, 365 - Centro;(13) 3419-7010;2081830
São Paulo;Penápolis;Santa Casa de Penápolis;Avenida Santa Casa, 566 - Centro;(18) 3652-2210;2078503
São Paulo;Pereira Barreto;Santa Casa de Misericórdia de Pereira Barreto;Rua Dermival Franceschi, 505-Vila Carvalho;(18) 3704-4255;2083027
São Paulo;Peruíbe;Unidade de Pronto Atendimento de Peruíbe;Avenida Prof. Terezinha Rodrigues Kalil, s/n - Parque Daville;(13) 3454-1589;7135173
São Paulo;Piedade;HOSPITAL Santa Casa Piedade;Rua Quintino Bocaiuva, nº 154, Centro;(15) 3244-8200;2078139
São Paulo;Pindamonhangaba;Pronto Socorro Municipal de Pindamonhangaba;Rua Major José dos Santos Moreira, 466 - Centro;(12) 3643-2644;9225137
São Paulo;Piracicaba;Nova UPA Vila Cristina Piracicaba;Rua Dona Anésia, s/n - Jaraguá;(19) 3434-2296;135062
São Paulo;Piracicaba;Santa Casa de Piracicaba;Avenida Independência, 953-Alto;(19) 3417-5000;2772310
São Paulo;Piraju;Hospital de Piraju;Rua 7 de Setembro, 818 - Centro;(14) 3305-9444;2081350
São Paulo;Pirajuí;Santa Casa de Pirajuí;Avenida Rui Barbosa Lima, 746-Centro;(14) 3572-1828;2080370
São Paulo;Pirapozinho;Pronto Atendimento Municipal de Pirapozinho;Rua Euclides da Cunha, 191 Centro;(18) 3269-2609;4049187
São Paulo;Pirassununga;Santa Casa de Pirassununga;Avenida Newton Prado, 1883 Centro;(19) 3565-8100;2785382
São Paulo;Porto Ferreira;Hospital Dona Balbina;Rua Dr. Carlindo Valeriani, 377-Centro;(16) 3389-5500;2082322
São Paulo;Praia Grande;Complexo Hospitalar Irmã Dulce;Rua Dair Borges, 550 - Boqueirão;(13) 3476 4435;2716097
São Paulo;Presidente Epitácio;Santa Casa de Presidente Epitácio;Rua Antonio Venâncio Lopes, 942 - Vila Maria;(18) 3251-8010;2751038
São Paulo;Presidente Prudente;Hosp. Reg. de Presidente Prudente Domingos Leonardo Cerávolo;Rua José Bogiovani, 900 - Cidade Universitária;(18) 3229-1500;2755130
São Paulo;Presidente Prudente;Santa Casa Hospital Dr. Aristóteles Oliveira Martins;Rua Venceslau Braz, 05- Vila Euclides;(18) 2101-8000;2080532
São Paulo;Presidente Venceslau;Santa Casa de Presidente Venceslau;Rua Emiliano Vilanova, 66 Centro;(18) 3271-2411;2078139
São Paulo;Rio Claro;Pronto Socorro Municipal;Avenida 15, s/n - Centro;(19) 3533-5484;2034441
São Paulo;Promissão;Hospital Geral de Promissão;Av. Gen. Euríco Gaspar Dutra, 620-Centro, Promissão - SP, CEP 16370-000;(14) 3541-0644;2790610
São Paulo;Rancharia;Hospital e Maternidade de Rancharia;Rua Mário César de Camargo, 1559 - Centro;(18) 3265-1511;2081873
São Paulo;Registro;Hospital São João;Rua Kiheji Nasuno , 165- Centro;(13) 3828-1111;2079593
São Paulo;Ribeirão Branco;Unidade de Pronto Atendimento;Rua Capitão Elias Pereira, 1198 Centro;(15) 3553-1144/99716-4744;2705249
São Paulo;Ribeirão Preto;Hospital das Clínicas FAEPA Ribeirão Preto;Campus Universitário, s/n - Monte Alegre;(16) 3602-1157;2082187
São Paulo;Riolândia;Santa Casa de Riolândia;Rua 10, 865 - Centro;(17) 3291-1588;2081571
São Paulo;Rosana;Hospital Estadual Porto Primavera;Rua do Hospital, 135 - Primavera;(18) 3284-9500;2750546
São Paulo;Salesópolis;Santa Casa de Salesópolis;Praça Padre João Mendes, 31 - Centro;(11) 4696-1411;2079380
São Paulo;Santa Bárbara d'Oeste;Pronto Socorro Municipal Dr. Edson Daniel dos Santos Mano;Rua Alice Aranha de Oliveira, 45 - Vila Maria;(19) 3464-9210;6754775
São Paulo;Santa Cruz das Palmeiras;"Posto de Atendimento Imediato (PAI) ""Dr. José Zenedin""";Rua Jovino Martins da Silva, 192. Jd. São Carlos;(19) 3672-9069;4752953
São Paulo;Santa Cruz do Rio Pardo;Santa Casa de Santa Cruz do Rio Pardo;AV. DR. CIRO DE MELLO CAMARINHA 530, CENTRO;(14) 3332-1222;2084058
São Paulo;Santa Fé do Sul;Unidade de Pronto Atendimento (UPA);Rua 01, 800- Centro;(17) 3631-1015;7409354
São Paulo;Santa Isabel;UPA - Unidade de Pronto Atendimento I Santa Isabel;Rua Castelo Branco, 320 - Jaguari;(11) 4656-8150;7094132
São Paulo;Santa Rita do Passa Quatro;Santa Casa Santa Rita do Passa Quatro;Rua Inácio Ribeiro, 279 - Centro;(19) 3582-9555;2091267
São Paulo;Santo Anastácio;Santa Casa de Santo Anastácio;Praça Dr. Luiz Ramos e Silva, 328 - Centro;(18) 3263-1155;2751046
São Paulo;Santo Antônio do Aracanguá;Centro de Saúde II de Santo Antônio do Aracanguá;Avenida dos Eugenios, 451 - Jardim Triângulo;(18) 3639-9595;3198294
São Paulo;Santos;Hospital Guilherme Álvaro;Rua Oswaldo Cruz, 197 - Boqueirão;(13) 3202-1300;2079720
São Paulo;São Bento do Sapucaí;Pronto Socorro Municipal de São Bento do Sapucaí;Praça General Marcondes Salgado, 34 - Centro;(12) 3971-7000;3018318
São Paulo;São Bernardo do Campo;Hospital e Pronto Socorro Central;Rua Secondo Modolin, 499 Centro;(11) 2630-6029;2069776
São Paulo;São Carlos;Santa Casa de São Carlos;Rua Paulino Botelho de Abreu Sampaio, 573 - Vila Pureza;(16) 3509-1100;2080931
São Paulo;São João da Boa Vista;Santa Casa de Misericórdia Dona Carolina Malheiros;Rua Carolina Malheiros, 92-Vila Conrado;(19) 3633-2222;2084228
São Paulo;São Joaquim da Barra;Santa Casa de São Joaquim da Barra;Rua Piratininga, 1221 - Centro;(16) 3810-4000;2080044
São Paulo;São José do Barreiro;Unidade Mista de Saúde Dr. Acácio;Rua José Bento Teixeira, s/n - Centro;(12) 3117-1339;2079771
São Paulo;São José do Rio Pardo;Hospital São Vicente;Rua Coronel Alípio Dias, 620-Centro;(19) 3682-7826;2080923
São Paulo;São José do Rio Preto;HOSPITAL DE BASE DE SÃO JOSÉ DO RIO PRETO;AV. BRIGADEIRO FARIA LIMA 5544;(17) 3201-5000;2077396
São Paulo;São José do Rio Preto;UPA JAGUARÉ;Av. Danilo Galeazzi, 2450. Bairro Jaguaré.;(17) 3237-5316;6270131
São Paulo;São José do Rio Preto;UPA NORTE;Rua Manoel Moreno, 130. Bairro Jardim Antunes.;(17) 3237-5316;7383274
São Paulo;São José dos Campos;Hospital de Base;AV. BRIGADEIRO FARIA LIMA 5544;(17) 3201-5000;9491252
São Paulo;São José dos Campos;HOSPITAL DE CLÍNICAS SUL;PRAÇA NATAL, 55 PARQUE INDUSTRIAL;(12)3935-8100;26417
São Paulo;São José dos Campos;Hospital Municipal Dr. José de Carvalho Florence;Rua Saigiro Nakamura, 800- Vila Industrial;(12) 3901-3400;9628
São Paulo;São José dos Campos;UPA São Francisco Xavier;Rua Quinze de Novembro, s/n - Centro;(12) 3926-1266;9164
São Paulo;São Luis do Paraitinga;Santa Casa de Misericórdia;Praça Coronel Teodoro Coelho, 48 - Centro;(12) 3671-1299;2079690
São Paulo;São Miguel Arcanjo;Hospital Municipal;Rua Antonia Fogaça Almeida Lima, 420 - Centro;(15) 3279-3162;6022502
São Paulo;São Paulo;Hospital Geral do Grajaú Prof. Liber John Alphonse Di Dio;Rua Francisco Octavio Pacca, 180 - Parque das Nações;(11) 3544-9444;2077671
São Paulo;São Paulo;Hospital Katia de Souza Rodrigues Taipas;Avenida Elísio Teixeira Leite, 6999 - Parada de Taipas;(11) 3973-0400;2082225
São Paulo;São Paulo;HOSPITAL MUNICIPAL DE PARELHEIROS;RUA EUZÉBIO COGHI, 841. JARDIM ROSCHEL. SÃO PAULO - SP, 04883-290.;(11)4673-9660;6135927
São Paulo;São Paulo;Hospital Municipal Dr. Carmino Caricchio;Avenida Celso Garcia, 4815 - Tatuapé;(11) 3394-6980;2080346
São Paulo;São Paulo;Hospital Municipal Tide Setúbal;R. Dr. José Guilherme Eiras, 123 - São Miguel Paulista;(11) 3394-8770;2080583
São Paulo;São Paulo;Hospital Vital Brazil;Avenida Vital Brasil, 1500- Instituto Butantan;(11) 2627-9529;2091356
São Paulo;São Paulo;UPA Campo Limpo Dr. Fernando;Rua Teresa Mouco de, 121 - Vila Maracanã;(11) 5513-3132;7479387
São Paulo;São Pedro;UPA José Fernando da Silva (Anexo à Santa Casa);Rua Malaquias Guerra, 162 - Centro;(19) 3481-9270;7590687
São Paulo;São Sebastião;Hospital de Clínicas de São Sebastião;Rua Capitão Luis Soares, 550-Centro;(12) 3893-3200;2765934
São Paulo;São Sebastião;Pronto Atendimento de Boiçucanga;Avenida Walkir Vergani, 1050 Boiçucanga;(12) 3865-2040;2766116
São Paulo;Sertãozinho;UPA Dr. Pedro T. F. Reis;Rua Pedro Carleto Netto, 120-Jardim Grande Aliança;(16) 3947-1270;7792115
São Paulo;Sete Barras;Pronto Atendimento Municipal de Sete Barras;Rodovia SP 139 Km 21 - Centro;(13) 3872-5510;2088673
São Paulo;Socorro;Hospital Dr. Renato Silva;Avenida Dr. Renato Silva, 129 Centro;(19) 3895-1888;2079704
São Paulo;Sorocaba;Conjunto Hospitalar de Sorocaba;Avenida Comendador Pereira Inácio, 564 Jardim Vergueiro;(15) 3332-9125;2081695
São Paulo;Sumaré;Hospital Estadual Sumaré;Avenida da Amizade, 2400 - Jardim Bela Vista;(19) 3883-8900;2083981
São Paulo;Tabapuã;Hospital Maria Valle Pereira;Rua Adinael Moreira, 1683 Centro;(17) 3562-1811;2084074
São Paulo;Tanabi;Santa Casa de Tanabi;Avenida da Saudade, 634 - Centro;(17) 3274-0693;2079356
São Paulo;Taquaritinga;UPA 24 horas;Avenida Vicente José Parise, 2100 - Centro;(16) 3253-8890;7429568
São Paulo;Taquarituba;Santa Casa de Taquarituba;Rua Marechal Peixoto, 95 Centro;(14) 3762-1700;2079879
São Paulo;Tatuí;Pronto Socorro Municipal de Tatuí;Rua Capitão Lisboa, 1240 - Centro;(15) 3305-3996;2086255
São Paulo;Taubaté;Hospital Municipal Universitário de Taubaté;Unidade de Pronto Socorro Infantil.;;2023474
São Paulo;Taubaté;UPA Central;Rua Benedito Cursino dos Santos, 101- Centro;(12) 3621-6036;4050665
São Paulo;Teodoro Sampaio;Hospital Regional de Teodoro Sampaio;Alameda Trifon Infante Algarim, 1430 - Centro;(18) 3882-1333;2028239
São Paulo;Torrinha;Hospital Padre Nicanor Merino;Rua Angelo Bartolai, 126 Centro;(14) 3656-1414;2080605
São Paulo;Tupã;Santa Casa de Tupã;Rua Manoel Ferreira Damião, 426 - Vila Abarca;(14) 3404-5555;2080664
São Paulo;Tupi Paulista;Santa Casa de Tupi Paulista;Rua Almirante Barroso, 1436-Centro;(18) 3851-2420;2081385
São Paulo;Ubatuba;Santa Casa de Misericordia de Ubatuba;Rua Conceição, 135 - Centro;(12) 3834-3230;2702193
São Paulo;Urupês;HOSPITAL SÃO LOURENÇO - URUPÊS;R. BARÃO DO RIO BRANCO, 226-372, CENTRO-15850-000;(17)3552-1339;2081342
São Paulo;Valparaíso;Santa Casa de Valparaíso;Rua Bartolomeu Bueno, 241 Centro;(18) 3701-1421;2081105
São Paulo;Votuporanga;Santa Casa de Votuporanga;Rua Minas Gerais, 3051 - Patrimônio Novo;(17) 3405-9133;2081377
São Paulo;Mauá;Hospital Nardini;Rua Regente Feijó, 166. Vila Bocaina;(11) 4747-6999;2082349
São Paulo;São José do Rio Preto;UPA Santo Antônio;Rua Ida Tagliavini Polachini, 580 - Vila Santo Antônio;(17) 3206-2080;2705680
São Paulo;São José do Rio Preto;UPA Tangará;Av. Pres. Getúlio Vargas, 381-Jardim Tangará;(17) 3222-4184;7706766
Sergipe;Aracaju;Hospital de Urgência de Sergipe Governador João Alves Filho (HUSE);Avenida Tancredo Neves, s/n - Capucho;(79) 3216-2600;2816210
Sergipe;Aracaju;Pronto Socorro Nestor Piva;Avenida Maranhão, s/n 18 do Forte;(79) 3212-0401;3841375
Sergipe;Aracaju;Hospital Municipal Zona Sul Desembargador Fernando Franco;Avenida Tarcisio Daniel Farolandia;(79) 3248-1205;2372
Sergipe;Canindé do São Francisco;Hospital Haydde Carvalho Leite Santos;Rua Haydde de Carvalho, s/n - Centro;(79) 3346-1950;2658542
Sergipe;Estância;Hosp. Amparo de Maria;Rua Dr. Jesse Fontes, Centro 197;(79) 3522-1314/2354/5888;2423529
Sergipe;Itabaiana;Hosp. Dr. Pedro Garcia Moreno;Avenida 13 de Junho, 776-Centro;(79) 2431-1430/2086/2710;2477661
Sergipe;Itabaianinha;Hosp. São Luis Gonzaga;Praça Orlando Ferreira Alves, 101 - Conveniência;(79) 3544-1222;2546124
Sergipe;Lagarto;Hosp. Universitário Monsenhor João Batista de Carvalho Daltro;Avenida Governador Marcelo Deda, 13 - Centro;(79) 3632-2000;7903081
Sergipe;Neópolis;Hospital de Neópolis;Avenida José Odin Ribeiro, 791 - Centro;(79) 3344-1239;2421534
Sergipe;Nossa Senhora da Glória;Hosp. Regional Governador João Alves Filho;Avenida 26 de Setembro, 121 - Silos;(79) 3411-1335/1783/7007;2421542
Sergipe;Nossa Senhora do Socorro;Pronto Atendimento 24h Fernando Franco;BR 235, s/n - Parque dos Farois;(79) 3254-8074/3279-1125;6451632
Sergipe;Poço Redondo;Hospital Municipal Zumira Soares;Rua Alto de Gado Manso, s/n - Lídia Souza Cruz;(79) 3337-1308;2420120
Sergipe;Poço Verde;Clínica de Saúde da Família João Antônio de Abreu;Rua Gabriel Benevindes do Rosario, s/n - Nação;(79) 3549-1717;2420368
Sergipe;Porto da Folha;Hosp. Dr. Francisco Rollemberg;Praça Antonio Pinto de Rezende, 226-Centro;(79) 3349-1296;6697712
Sergipe;Propriá;Hosp. Regional de Propriá;Rua Elmiro Costa, s/n - Fernandes;(79) 3322-1902;3559629
Sergipe;Riachão do Dantas;Unidade Mista de Saúde Dona Caçula;Avenida Dr. Luiz Garcia, 500- Centro;(79) 3643-1132;3566013
Sergipe;Simão Dias;Unidade de Pronto Atendimento 24H Pedro Valadares;Rua Júlio Manoel Oliveira, s/n Centro;(79) 3611-1321/1194;2546000
Tocantins;Alvorada;Hospital Regional de Alvorada;Avenida JK, 715 - Centro;(63) 3353-1839;3385205
Tocantins;Araguacema;Hospital de Peq. Porte de Araguacema;Rua Rui Barbosa, 863 - Centro;(63) 3472-1163;2765632
Tocantins;Arapoema;Hospital Regional Maternidade Irmã Rita de Arapoema;R. Francisco Furtuoso de Aguiar, 411 centro;(63) 3435-1258;2494167
Tocantins;Araguaçu;Hospital Regional Tertuliano C Lustosa de Araguaçu;Avenida Nova Matinha, quadra 13, s/n - Cel. Lustosa;(63) 3384-1149;2546671
Tocantins;Araguaína;Hospital de Doenças Tropicais da Univ. Fed. Do TO;Avenida José de Brito, 1015 - Setor Anhanguera;(63) 3413-8600;3654826
Tocantins;Araguatins;Hospital de Pequeno Porte Dr. Ostílio A. Araújo;RUA BARTOLOMEU BUENO DA SILVA, 1189;(63) 3474-2727;2469499
Tocantins;Arraias;Hospital Regional de Arraias;Avenida Paraná Km 01, s/n - Buritizinho;(63) 3653-1181;2792451
Tocantins;Augustinópolis;Hospital Regional de Augustinópolis;Rua Amazonas, s/n - Centro;(63) 3456-1292;2468972
Tocantins;Centenário;Unidade Básica de Saúde Antônio Gonçalves Lima;Avenida Ceará, s/n - Centro;(63) 3420-1154;2370727
Tocantins;Colinas do Tocantins;Hospital Municipal de Colinas;Rua Tiradentes, s/n - Setor Campinas;(63) 3476-7060;2765667
Tocantins;Dianópolis;Hospital Regional de Dianópolis;Rua 10 Qd. 34 Lote 01 - Nova Cidade;(63) 3692-2899;2786095
Tocantins;Dueré;Hospital Pequeno Porte Antônio R de Araújo;Rua Newton de Carvalho, s/n - Centro;(63) 3358-1167;2467569
Tocantins;Formoso do Araguaia;Hospital Municipal Hermínio Azevedo Soares;Avenida Perimetral, s/n - São José;(63) 3357-1277;2546736
Tocantins;Goiatins;Hospital de Pequeno Porte de Goiatins;Avenida Eloi Correa, 575 Centro;(63) 3469-1331;2370328
Tocantins;Guaraí;Hospital Regional de Guaraí;Rua 3, 1516 - Centro;(63) 3464-8302;2765640
Tocantins;Gurupi;Hospital Regional de Gurupi;Rua Pres. Juscelino Kubitscheck, 1641 - Setor Central;(63) 3315-0212;2786109
Tocantins;Gurupi;Unidade de Pronto Atendimento Dra. Márcia Mucky;Avenida Fernando de Noronha, 99 - Jardim São Lucas;(63) 3315-0027;3331326
Tocantins;Itacajá;Hospital Municipal N. S. da Conceição;Rua Costa e Silva, 201 - Centro;(63) 3439-1242;2469340
Tocantins;Lagoa da Confusão;Hospital de Peq. Porte B B BARROS;Avenida Vitorino Panta, s/n - Centro;(63) 3364-1176;2680327
Tocantins;Lizarda;Unidade Básica de Saúde;Rua 2, s/n - Centro;(63) 3539-1151;2487055
Tocantins;Mateiros;Centro Municipal de Saúde Cristo Rei;Rua Jalapão, QD 29, LT APM 03 - Centro;(63) 3534-1007;2487039
Tocantins;Miracema;Hospital Regional de Miracema;Avenida Irmã Emma Rudolfh Navarro, s/n - Universitário;(63) 3929-3030;2765659
Tocantins;Natividade;Hospital de Peq. Porte Dr Fred Nunes da Silva;Rua Pref. Odilardo Nunes, QD 10, s/n - Setor Nova Esperança;(63) 3372-1796;2600420
Tocantins;Palmas;Hospital Geral de Palmas Dr. Francisco Ayres - HGP;201 Sul, Avenida NS 01 Conj. 02 Lote 01 - Centro;(63) 3218-7814;2786117
Tocantins;Palmas;Pronto Atendimento Norte (UPA - Norte);203 Norte, Al. LO 06, APM 02 - Plano Norte;(63) 3218-5110;2755289
Tocantins;Palmas;Pronto Atendimento Sul (UPA - Sul);Aureny II, Rua Perimetral II, 04, Qd. 72 e 73;(63) 3212-7925;2492555
Tocantins;Palmeirópolis;Hospital Municipal Francisco Macedo;Rua 16, 146 - Setor Alto da Boa Vista;(63) 3386-1110;2658801
Tocantins;Paraíso do Tocantins;Hospital Regional de Paraíso Dr. Alfredo Oliveira Barros;Rua 3 Qda 02 LTS 01 AO 19, s/n - Setor Aeroporto;(63) 3904-1204;2755149
Tocantins;Paranã;Hospital Municipal Menino Jesus de Praga;Avenida L, Quadra 107, Lote 4 e 5- Centro;(63) 3371-1394;2560240
Tocantins;Pedro Afonso;Hospital Regional de Pedro Afonso;Avenida Numeriano Bezerra de Castro, s/n - Aeroporto;(63) 3466-1911;2468271
Tocantins;Porto Nacional;Hospital Regional Porto Nacional;Avenida Murilo Braga, 1592 Centro;(63) 3363-8427;2786125
Tocantins;Porto Nacional;Hospital Materno Infantil Tia Dedé;Rua Raquel de Carvalho, nº 420 - Centro;(63) 3218-1792;3668770
Tocantins;Recursolândia;Unidade Básica de Saúde Alquino Gomes da Silva;Rua Tocantins, s/n - Centro;(63) 3438-1163;2467577
Tocantins;São Félix do Tocantins;Unidade Básica de Saúde;Avenida Francisco Leobas, Qd 07, LT 07 - Centro;(63) 3576-1013;2370662
Tocantins;Taguatinga;Hospital Municipal São João Batista;Rua Deputado João Abreu, 53 - Centro;(63) 3654-1285;2755173
Tocantins;Tocantinópolis;UPA Murilo Bahia Brandão Vilela;Rua Floriano Santos, 406 - Centro;(63) 3471-1053;9038701
Tocantins;Xambioá;Hospital Regional de Xambioá;Avenida G, Qd. 16, Lote 18, NO 69 Setor Leste;(63) 3473-1822;2647095
